so,code,prod,fch,monpago,lista,pu,esperado,src,usd_pay,ves_pay,flag
S00001,1.0,[0001] ELITE API SP SAE 0W-20 ,2026-02-25,nan,INDETERMINADA,61.0,,,49.0,61.0,lista_indeterminada
S00002,121.0,[0121] TRANSGLOB API GL-5 SAE ,2026-02-25,nan,INDETERMINADA,45.0,,,36.0,45.0,lista_indeterminada
S00002,877.0,[0877] SS EXTRA PROTECCION API,2026-02-25,nan,INDETERMINADA,96.0,,,72.0,96.0,lista_indeterminada
S00002,884.0,[0884] TRANSMATIC ATF DEXRON I,2026-02-25,nan,INDETERMINADA,83.0,,,67.0,83.0,lista_indeterminada
S00005,602.0,[0602] SINOCO SAE 50 (PAILA),2026-02-26,nan,INDETERMINADA,85.45,,,,,lista_indeterminada
S00005,,Descuento ,2026-02-26,nan,INDETERMINADA,-11.6041,,,,,lista_indeterminada
S00005,,Descuento ,2026-02-26,nan,INDETERMINADA,-7.1778,,,,,lista_indeterminada
S00005,,Descuento ,2026-02-26,nan,INDETERMINADA,-102.54,,,,,lista_indeterminada
S00006,761.0,[0761] LIGA PARA FRENOS DOT-3 ,2026-02-26,nan,INDETERMINADA,28.94,,,26.0,33.0,lista_indeterminada
S00006,762.0,[0762] LIGA PARA FRENOS DOT-3 ,2026-02-26,nan,INDETERMINADA,42.97,,,39.0,49.0,lista_indeterminada
S00007,775.0,[0775] LIGA PARA FRENOS DOT-4 ,2026-02-26,USD,USD,32.76,31.0,feb23,31.0,38.0,por_encima
S00007,881.0,[0881] CLASICO API SL SAE 20W-,2026-02-26,USD,USD,68.11,63.0,feb23,63.0,79.0,por_encima
S00007,884.0,[0884] TRANSMATIC ATF DEXRON I,2026-02-26,USD,USD,71.56,67.0,feb23,67.0,83.0,por_encima
S00007,121.0,[0121] TRANSGLOB API GL-5 SAE ,2026-02-26,USD,USD,38.8,36.0,feb23,36.0,45.0,por_encima
S00007,878.0,[0878] SS EXTRA PROTECCION API,2026-02-26,USD,USD,90.48,72.0,feb23,72.0,90.0,por_encima
S00008,163.0,[0163] CARIBE FUERA DE BORDA T,2026-02-26,USD,USD,30.4643,33.0,feb23,33.0,41.0,por_debajo
S00009,602.0,[0602] SINOCO SAE 50 (PAILA),2026-02-26,VES,VES,72.411,,,,,producto_sin_lista
S00013,,Descuento ,2026-03-02,nan,INDETERMINADA,-6.9317,,,,,lista_indeterminada
S00013,602.0,[0602] SINOCO SAE 50 (PAILA),2026-03-02,nan,INDETERMINADA,85.45,,,,,lista_indeterminada
S00013,,Descuento ,2026-03-02,nan,INDETERMINADA,-110.7432,,,,,lista_indeterminada
S00003,,Descuento ,2026-03-02,nan,INDETERMINADA,-10.3435,,,,,lista_indeterminada
S00003,779.0,[0779] SINOCO SAE 20W-50 (1x12,2026-03-02,nan,INDETERMINADA,51.7173,,,,,lista_indeterminada
S00019,121.0,[0121] TRANSGLOB API GL-5 SAE ,2026-03-03,VES,VES,33.7305,45.0,feb23,36.0,45.0,por_debajo
S00025,602.0,[0602] SINOCO SAE 50 (PAILA),2026-03-04,nan,INDETERMINADA,73.3469,,,,,lista_indeterminada
S00025,107.0,[0107] TRANSMATIC ATF DEXRON I,2026-03-04,nan,INDETERMINADA,85.8189,,,91.0,114.0,lista_indeterminada
S00028,779.0,[0779] SINOCO SAE 20W-50 (1x12,2026-03-04,VES,VES,59.72,,,,,producto_sin_lista
S00033,879.0,[0879] CARIBE FUERA DE BORDA T,2026-03-05,USD,USD,69.83,65.0,feb23,65.0,81.0,por_encima
S00042,886.0,[0886] TRANSMATIC DEXRON VI (1,2026-03-06,VES,VES,131.0,131.0,feb23,105.0,131.0,ok
S00043,915.0,[0915] SINOCO SAE 50 (1x12),2026-03-06,VES,VES,52.6584,,,,,producto_sin_lista
S00043,602.0,[0602] SINOCO SAE 50 (PAILA),2026-03-06,VES,VES,73.7165,,,,,producto_sin_lista
S00043,881.0,[0881] CLASICO API SL SAE 20W-,2026-03-06,VES,VES,59.7669,79.0,feb23,63.0,79.0,por_debajo
S00044,603.0,[0603] SINOCO SAE 50 (Tambor),2026-03-06,USD,USD,695.9462,,,,,producto_sin_lista
S00045,779.0,[0779] SINOCO SAE 20W-50 (1x12,2026-03-09,Sin Pago,INDETERMINADA,51.7173,,,,,lista_indeterminada
S00004,884.0,[0884] TRANSMATIC ATF DEXRON I,2026-03-09,USD,USD,71.56,67.0,feb23,67.0,83.0,por_encima
S00004,121.0,[0121] TRANSGLOB API GL-5 SAE ,2026-03-09,USD,USD,38.8,36.0,feb23,36.0,45.0,por_encima
S00004,877.0,[0877] SS EXTRA PROTECCION API,2026-03-09,USD,USD,90.48,72.0,feb23,72.0,96.0,por_encima
S00014,883.0,[0883] GRASA GLOBAL AZUL AZ 95,2026-03-09,VES,VES,70.9031,95.0,feb23,76.0,95.0,por_debajo
S00015,13.0,[0013] ELITE API SN SAE 5W-30 ,2026-03-09,VES,VES,43.289,58.0,feb23,46.0,58.0,por_debajo
S00015,880.0,[0880] CLASICO API SL SAE 15W-,2026-03-09,VES,VES,58.4685,78.0,feb23,62.0,78.0,por_debajo
S00015,877.0,[0877] SS EXTRA PROTECCION API,2026-03-09,VES,VES,71.9659,96.0,feb23,72.0,96.0,por_debajo
S00015,7.0,[0007] ELITE API SN SAE 5W-20 ,2026-03-09,VES,VES,43.289,58.0,feb23,46.0,58.0,por_debajo
S00017,887.0,[0887] MOTOCLASICO 4T SAE 20W-,2026-03-09,VES,VES,61.4689,82.0,feb23,66.0,82.0,por_debajo
S00017,775.0,[0775] LIGA PARA FRENOS DOT-4 ,2026-03-09,VES,VES,28.4906,38.0,feb23,31.0,38.0,por_debajo
S00018,779.0,[0779] SINOCO SAE 20W-50 (1x12,2026-03-09,USD,USD,51.73,,,,,producto_sin_lista
S00020,725.0,[0725] AGUA DESMINERALIZADA,2026-03-09,VES,VES,17.2414,20.0,feb23,16.0,20.0,por_debajo
S00020,877.0,[0877] SS EXTRA PROTECCION API,2026-03-09,VES,VES,71.9659,96.0,feb23,72.0,96.0,por_debajo
S00020,761.0,[0761] LIGA PARA FRENOS DOT-3 ,2026-03-09,VES,VES,24.738,33.0,feb23,26.0,33.0,por_debajo
S00020,880.0,[0880] CLASICO API SL SAE 15W-,2026-03-09,VES,VES,58.4685,78.0,feb23,62.0,78.0,por_debajo
S00020,121.0,[0121] TRANSGLOB API GL-5 SAE ,2026-03-09,VES,VES,33.8709,45.0,feb23,36.0,45.0,por_debajo
S00020,779.0,[0779] SINOCO SAE 20W-50 (1x12,2026-03-09,VES,VES,52.1772,,,,,producto_sin_lista
S00021,877.0,[0877] SS EXTRA PROTECCION API,2026-03-09,VES,VES,71.9659,96.0,feb23,72.0,96.0,por_debajo
S00021,881.0,[0881] CLASICO API SL SAE 20W-,2026-03-09,VES,VES,59.2208,79.0,feb23,63.0,79.0,por_debajo
S00021,779.0,[0779] SINOCO SAE 20W-50 (1x12,2026-03-09,VES,VES,52.1772,,,,,producto_sin_lista
S00022,779.0,[0779] SINOCO SAE 20W-50 (1x12,2026-03-09,USD,USD,51.73,,,,,producto_sin_lista
S00023,779.0,[0779] SINOCO SAE 20W-50 (1x12,2026-03-09,USD,USD,51.73,,,,,producto_sin_lista
S00023,915.0,[0915] SINOCO SAE 50 (1x12),2026-03-09,USD,USD,51.73,,,,,producto_sin_lista
S00024,127.0,[0127] TRANSGLOB API GL-5 SAE ,2026-03-09,VES,VES,33.7305,45.0,feb23,36.0,45.0,por_debajo
S00024,774.0,[0774] LIGA PARA FRENOS DOT-4 ,2026-03-09,VES,VES,44.2275,59.0,feb23,47.0,59.0,por_debajo
S00026,884.0,[0884] TRANSMATIC ATF DEXRON I,2026-03-09,USD,USD,62.4801,67.0,feb23,67.0,83.0,por_debajo
S00029,881.0,[0881] CLASICO API SL SAE 20W-,2026-03-09,USD,USD,68.11,63.0,feb23,63.0,79.0,por_encima
S00029,880.0,[0880] CLASICO API SL SAE 15W-,2026-03-09,USD,USD,67.25,62.0,feb23,62.0,78.0,por_encima
S00029,877.0,[0877] SS EXTRA PROTECCION API,2026-03-09,USD,USD,90.48,72.0,feb23,72.0,96.0,por_encima
S00031,779.0,[0779] SINOCO SAE 20W-50 (1x12,2026-03-09,VES,VES,51.7226,,,,,producto_sin_lista
S00031,877.0,[0877] SS EXTRA PROTECCION API,2026-03-09,VES,VES,72.9158,96.0,feb23,72.0,96.0,por_debajo
S00032,19.0,[0019] ELITE API SN SAE 5W-40 ,2026-03-09,VES,VES,43.5326,58.0,feb23,46.0,58.0,por_debajo
S00034,107.0,[0107] TRANSMATIC ATF DEXRON I,2026-03-09,VES,VES,86.0124,114.0,feb23,91.0,114.0,por_debajo
S00034,602.0,[0602] SINOCO SAE 50 (PAILA),2026-03-09,VES,VES,73.5123,,,,,producto_sin_lista
S00036,877.0,[0877] SS EXTRA PROTECCION API,2026-03-09,VES,VES,72.4284,96.0,feb23,72.0,96.0,por_debajo
S00036,121.0,[0121] TRANSGLOB API GL-5 SAE ,2026-03-09,VES,VES,33.9473,45.0,feb23,36.0,45.0,por_debajo
S00036,602.0,[0602] SINOCO SAE 50 (PAILA),2026-03-09,VES,VES,73.5123,,,,,producto_sin_lista
S00036,884.0,[0884] TRANSMATIC ATF DEXRON I,2026-03-09,VES,VES,62.621,83.0,feb23,67.0,83.0,por_debajo
S00036,605.0,[0605] SINOCO SAE 20W-50 (PAIL,2026-03-09,VES,VES,73.5123,,,,,producto_sin_lista
S00036,761.0,[0761] LIGA PARA FRENOS DOT-3 ,2026-03-09,VES,VES,24.897,33.0,feb23,26.0,33.0,por_debajo
S00027,887.0,[0887] MOTOCLASICO 4T SAE 20W-,2026-03-09,USD,USD,70.69,66.0,feb23,66.0,82.0,por_encima
S00027,877.0,[0877] SS EXTRA PROTECCION API,2026-03-09,USD,USD,90.48,72.0,feb23,72.0,96.0,por_encima
S00027,884.0,[0884] TRANSMATIC ATF DEXRON I,2026-03-09,USD,USD,71.56,67.0,feb23,67.0,83.0,por_encima
S00027,779.0,[0779] SINOCO SAE 20W-50 (1x12,2026-03-09,USD,USD,51.73,,,,,producto_sin_lista
S00030,775.0,[0775] LIGA PARA FRENOS DOT-4 ,2026-03-09,USD,USD,28.8666,31.0,feb23,31.0,38.0,por_debajo
S00030,779.0,[0779] SINOCO SAE 20W-50 (1x12,2026-03-09,USD,USD,51.7226,,,,,producto_sin_lista
S00030,884.0,[0884] TRANSMATIC ATF DEXRON I,2026-03-09,USD,USD,63.0424,67.0,feb23,67.0,83.0,por_debajo
S00037,761.0,[0761] LIGA PARA FRENOS DOT-3 ,2026-03-09,USD,USD,28.45,26.0,feb23,26.0,33.0,por_encima
S00037,93.0,[0093] ALTA CILINDRADA SS API ,2026-03-09,USD,USD,36.21,34.0,feb23,34.0,42.0,por_encima
S00038,25.0,[0025] SS EXTRA PROTECCION API,2026-03-09,USD,USD,38.8,36.0,feb23,36.0,45.0,por_encima
S00039,761.0,[0761] LIGA PARA FRENOS DOT-3 ,2026-03-09,VES,VES,24.897,33.0,feb23,26.0,33.0,por_debajo
S00040,779.0,[0779] SINOCO SAE 20W-50 (1x12,2026-03-09,USD,USD,51.1513,,,,,producto_sin_lista
S00040,761.0,[0761] LIGA PARA FRENOS DOT-3 ,2026-03-09,USD,USD,24.7877,26.0,feb23,26.0,33.0,por_debajo
S00040,121.0,[0121] TRANSGLOB API GL-5 SAE ,2026-03-09,USD,USD,33.7983,36.0,feb23,36.0,45.0,por_debajo
S00040,19.0,[0019] ELITE API SN SAE 5W-40 ,2026-03-09,USD,USD,43.5711,46.0,feb23,46.0,58.0,por_debajo
S00040,13.0,[0013] ELITE API SN SAE 5W-30 ,2026-03-09,USD,USD,43.5711,46.0,feb23,46.0,58.0,por_debajo
S00040,7.0,[0007] ELITE API SN SAE 5W-20 ,2026-03-09,USD,USD,43.5711,46.0,feb23,46.0,58.0,por_debajo
S00040,25.0,[0025] SS EXTRA PROTECCION API,2026-03-09,USD,USD,33.7983,36.0,feb23,36.0,45.0,por_debajo
S00040,878.0,[0878] SS EXTRA PROTECCION API,2026-03-09,USD,USD,67.6051,72.0,feb23,72.0,90.0,por_debajo
S00040,881.0,[0881] CLASICO API SL SAE 20W-,2026-03-09,USD,USD,59.3397,63.0,feb23,63.0,79.0,por_debajo
S00040,884.0,[0884] TRANSMATIC ATF DEXRON I,2026-03-09,USD,USD,62.346,67.0,feb23,67.0,83.0,por_debajo
S00040,762.0,[0762] LIGA PARA FRENOS DOT-3 ,2026-03-09,USD,USD,36.8046,39.0,feb23,39.0,49.0,por_debajo
S00040,887.0,[0887] MOTOCLASICO 4T SAE 20W-,2026-03-09,USD,USD,61.5923,66.0,feb23,66.0,82.0,por_debajo
S00041,882.0,[0882] GRASA MULTIPLE EP 200 (,2026-03-09,USD,USD,173.28,161.0,feb23,161.0,201.0,por_encima
S00047,83.0,[0083] MAXIMO API CF SAE 50 (P,2026-03-09,VES,VES,102.0,102.0,feb23,81.0,102.0,ok
S00048,761.0,[0761] LIGA PARA FRENOS DOT-3 ,2026-03-09,VES,VES,24.6833,33.0,feb23,26.0,33.0,por_debajo
S00048,792.0,[0792] REFRIGERANTE GLOBAL ROJ,2026-03-09,VES,VES,21.6896,29.0,feb23,24.0,29.0,por_debajo
S00050,602.0,[0602] SINOCO SAE 50 (PAILA),2026-03-09,USD,USD,72.42,,,,,producto_sin_lista
S00052,602.0,[0602] SINOCO SAE 50 (PAILA),2026-03-10,USD,USD,72.42,,,,,producto_sin_lista
S00046,602.0,[0602] SINOCO SAE 50 (PAILA),2026-03-10,USD,USD,72.42,,,,,producto_sin_lista
S00053,603.0,[0603] SINOCO SAE 50 (Tambor),2026-03-10,VES,VES,683.04,,,,,producto_sin_lista
S00051,915.0,[0915] SINOCO SAE 50 (1x12),2026-03-10,USD,USD,51.73,,,,,producto_sin_lista
S00051,779.0,[0779] SINOCO SAE 20W-50 (1x12,2026-03-10,USD,USD,51.73,,,,,producto_sin_lista
S00049,878.0,[0878] SS EXTRA PROTECCION API,2026-03-10,USD,USD,66.9873,72.0,feb23,72.0,90.0,por_debajo
S00049,915.0,[0915] SINOCO SAE 50 (1x12),2026-03-10,USD,USD,52.0618,,,,,producto_sin_lista
S00049,761.0,[0761] LIGA PARA FRENOS DOT-3 ,2026-03-10,USD,USD,24.6833,26.0,feb23,26.0,33.0,por_debajo
S00049,87.0,[0087] ENDUROGLOB 2T AIRE (1x6,2026-03-10,USD,USD,30.6622,33.0,feb23,33.0,41.0,por_debajo
S00049,779.0,[0779] SINOCO SAE 20W-50 (1x12,2026-03-10,USD,USD,50.936,,,,,producto_sin_lista
S00049,602.0,[0602] SINOCO SAE 50 (PAILA),2026-03-10,USD,USD,72.8814,,,,,producto_sin_lista
S00049,884.0,[0884] TRANSMATIC ATF DEXRON I,2026-03-10,USD,USD,62.0835,67.0,feb23,67.0,83.0,por_debajo
S00049,887.0,[0887] MOTOCLASICO 4T SAE 20W-,2026-03-10,USD,USD,61.333,66.0,feb23,66.0,82.0,por_debajo
S00049,881.0,[0881] CLASICO API SL SAE 20W-,2026-03-10,USD,USD,58.7941,63.0,feb23,63.0,79.0,por_debajo
S00055,877.0,[0877] SS EXTRA PROTECCION API,2026-03-10,USD,USD,90.48,72.0,feb23,72.0,96.0,por_encima
S00056,605.0,[0605] SINOCO SAE 20W-50 (PAIL,2026-03-10,USD,USD,72.42,,,,,producto_sin_lista
S00060,887.0,[0887] MOTOCLASICO 4T SAE 20W-,2026-03-10,USD,USD,62.0679,66.0,feb23,66.0,82.0,por_debajo
S00060,93.0,[0093] ALTA CILINDRADA SS API ,2026-03-10,USD,USD,31.7978,34.0,feb23,34.0,42.0,por_debajo
S00060,761.0,[0761] LIGA PARA FRENOS DOT-3 ,2026-03-10,USD,USD,24.9791,26.0,feb23,26.0,33.0,por_debajo
S00058,915.0,[0915] SINOCO SAE 50 (1x12),2026-03-10,Sin Pago,INDETERMINADA,52.6856,,,,,lista_indeterminada
S00058,779.0,[0779] SINOCO SAE 20W-50 (1x12,2026-03-10,Sin Pago,INDETERMINADA,51.5463,,,,,lista_indeterminada
S00057,775.0,[0775] LIGA PARA FRENOS DOT-4 ,2026-03-10,VES,VES,28.7682,38.0,feb23,31.0,38.0,por_debajo
S00057,792.0,[0792] REFRIGERANTE GLOBAL ROJ,2026-03-10,VES,VES,21.9495,29.0,feb23,24.0,29.0,por_debajo
S00057,789.0,[0789] REFRIGERANTE GLOBAL VER,2026-03-10,VES,VES,21.9495,29.0,feb23,24.0,29.0,por_debajo
S00059,880.0,[0880] CLASICO API SL SAE 15W-,2026-03-10,USD,USD,58.0371,62.0,feb23,62.0,78.0,por_debajo
S00059,884.0,[0884] TRANSMATIC ATF DEXRON I,2026-03-10,USD,USD,62.8275,67.0,feb23,67.0,83.0,por_debajo
S00059,127.0,[0127] TRANSGLOB API GL-5 SAE ,2026-03-10,USD,USD,34.0592,36.0,feb23,36.0,45.0,por_debajo
S00059,25.0,[0025] SS EXTRA PROTECCION API,2026-03-10,USD,USD,33.4809,36.0,feb23,36.0,45.0,por_debajo
S00059,19.0,[0019] ELITE API SN SAE 5W-40 ,2026-03-10,USD,USD,43.1567,46.0,feb23,46.0,58.0,por_debajo
S00059,792.0,[0792] REFRIGERANTE GLOBAL ROJ,2026-03-10,USD,USD,21.9495,24.0,feb23,24.0,29.0,por_debajo
S00059,881.0,[0881] CLASICO API SL SAE 20W-,2026-03-10,USD,USD,58.7794,63.0,feb23,63.0,79.0,por_debajo
S00059,877.0,[0877] SS EXTRA PROTECCION API,2026-03-10,USD,USD,71.4329,72.0,feb23,72.0,96.0,por_debajo
S00059,878.0,[0878] SS EXTRA PROTECCION API,2026-03-10,USD,USD,66.9705,72.0,feb23,72.0,90.0,por_debajo
S00059,121.0,[0121] TRANSGLOB API GL-5 SAE ,2026-03-10,USD,USD,34.0592,36.0,feb23,36.0,45.0,por_debajo
S00064,774.0,[0774] LIGA PARA FRENOS DOT-4 ,2026-03-11,VES,VES,44.6585,59.0,feb23,47.0,59.0,por_debajo
S00064,775.0,[0775] LIGA PARA FRENOS DOT-4 ,2026-03-11,VES,VES,28.7682,38.0,feb23,31.0,38.0,por_debajo
S00065,880.0,[0880] CLASICO API SL SAE 15W-,2026-03-11,VES,VES,57.4917,78.0,feb23,62.0,78.0,por_debajo
S00065,881.0,[0881] CLASICO API SL SAE 20W-,2026-03-11,VES,VES,58.2271,79.0,feb23,63.0,79.0,por_debajo
S00065,877.0,[0877] SS EXTRA PROTECCION API,2026-03-11,VES,VES,70.7617,96.0,feb23,72.0,96.0,por_debajo
S00065,878.0,[0878] SS EXTRA PROTECCION API,2026-03-11,VES,VES,66.3412,90.0,feb23,72.0,90.0,por_debajo
S00063,887.0,[0887] MOTOCLASICO 4T SAE 20W-,2026-03-11,VES,VES,62.0679,82.0,feb23,66.0,82.0,por_debajo
S00054,884.0,[0884] TRANSMATIC ATF DEXRON I,2026-03-11,VES,VES,62.8275,83.0,feb23,67.0,83.0,por_debajo
S00054,121.0,[0121] TRANSGLOB API GL-5 SAE ,2026-03-11,VES,VES,34.0592,45.0,feb23,36.0,45.0,por_debajo
S00054,877.0,[0877] SS EXTRA PROTECCION API,2026-03-11,VES,VES,71.4329,96.0,feb23,72.0,96.0,por_debajo
S00054,880.0,[0880] CLASICO API SL SAE 15W-,2026-03-11,VES,VES,58.0371,78.0,feb23,62.0,78.0,por_debajo
S00054,915.0,[0915] SINOCO SAE 50 (1x12),2026-03-11,VES,VES,52.6856,,,,,producto_sin_lista
S00054,887.0,[0887] MOTOCLASICO 4T SAE 20W-,2026-03-11,VES,VES,62.0679,82.0,feb23,66.0,82.0,por_debajo
S00054,93.0,[0093] ALTA CILINDRADA SS API ,2026-03-11,VES,VES,31.7978,42.0,feb23,34.0,42.0,por_debajo
S00067,886.0,[0886] TRANSMATIC DEXRON VI (1,2026-03-11,VES,VES,138.36,131.0,feb23,105.0,131.0,por_encima
S00069,878.0,[0878] SS EXTRA PROTECCION API,2026-03-11,USD,USD,66.6398,72.0,feb23,72.0,90.0,por_debajo
S00069,121.0,[0121] TRANSGLOB API GL-5 SAE ,2026-03-11,USD,USD,33.891,36.0,feb23,36.0,45.0,por_debajo
S00069,127.0,[0127] TRANSGLOB API GL-5 SAE ,2026-03-11,USD,USD,33.891,36.0,feb23,36.0,45.0,por_debajo
S00069,789.0,[0789] REFRIGERANTE GLOBAL VER,2026-03-11,USD,USD,21.8411,24.0,feb23,24.0,29.0,por_debajo
S00069,877.0,[0877] SS EXTRA PROTECCION API,2026-03-11,USD,USD,71.0801,72.0,feb23,72.0,96.0,por_debajo
S00069,884.0,[0884] TRANSMATIC ATF DEXRON I,2026-03-11,USD,USD,62.5172,67.0,feb23,67.0,83.0,por_debajo
S00069,605.0,[0605] SINOCO SAE 20W-50 (PAIL,2026-03-11,USD,USD,73.3905,,,,,producto_sin_lista
S00069,887.0,[0887] MOTOCLASICO 4T SAE 20W-,2026-03-11,USD,USD,61.7614,66.0,feb23,66.0,82.0,por_debajo
S00069,881.0,[0881] CLASICO API SL SAE 20W-,2026-03-11,USD,USD,58.4891,63.0,feb23,63.0,79.0,por_debajo
S00066,877.0,[0877] SS EXTRA PROTECCION API,2026-03-11,USD,USD,90.48,72.0,feb23,72.0,96.0,por_encima
S00062,880.0,[0880] CLASICO API SL SAE 15W-,2026-03-11,USD,USD,67.25,62.0,feb23,62.0,78.0,por_encima
S00062,878.0,[0878] SS EXTRA PROTECCION API,2026-03-11,USD,USD,77.59,72.0,feb23,72.0,90.0,por_encima
S00062,884.0,[0884] TRANSMATIC ATF DEXRON I,2026-03-11,USD,USD,71.56,67.0,feb23,67.0,83.0,por_encima
S00062,881.0,[0881] CLASICO API SL SAE 20W-,2026-03-11,USD,USD,68.11,63.0,feb23,63.0,79.0,por_encima
S00062,762.0,[0762] LIGA PARA FRENOS DOT-3 ,2026-03-11,USD,USD,42.25,39.0,feb23,39.0,49.0,por_encima
S00062,877.0,[0877] SS EXTRA PROTECCION API,2026-03-11,USD,USD,90.48,72.0,feb23,72.0,96.0,por_encima
S00062,774.0,[0774] LIGA PARA FRENOS DOT-4 ,2026-03-11,USD,USD,50.87,47.0,feb23,47.0,59.0,por_encima
S00062,887.0,[0887] MOTOCLASICO 4T SAE 20W-,2026-03-11,USD,USD,70.69,66.0,feb23,66.0,82.0,por_encima
S00062,761.0,[0761] LIGA PARA FRENOS DOT-3 ,2026-03-11,USD,USD,28.45,26.0,feb23,26.0,33.0,por_encima
S00062,775.0,[0775] LIGA PARA FRENOS DOT-4 ,2026-03-11,USD,USD,32.76,31.0,feb23,31.0,38.0,por_encima
S00062,888.0,[0888] ENDUROGLOB 2T AIRE (1x1,2026-03-11,USD,USD,70.69,66.0,feb23,66.0,82.0,por_encima
S00072,121.0,[0121] TRANSGLOB API GL-5 SAE ,2026-03-11,VES,VES,33.891,45.0,feb23,36.0,45.0,por_debajo
S00072,127.0,[0127] TRANSGLOB API GL-5 SAE ,2026-03-11,VES,VES,33.891,45.0,feb23,36.0,45.0,por_debajo
S00061,603.0,[0603] SINOCO SAE 50 (Tambor),2026-03-11,USD,USD,696.3067,,,,,producto_sin_lista
S00061,606.0,[0606] SINOCO SAE 20W-50 (Tamb,2026-03-11,USD,USD,696.3067,,,,,producto_sin_lista
S00061,779.0,[0779] SINOCO SAE 20W-50 (1x12,2026-03-11,USD,USD,51.5463,,,,,producto_sin_lista
S00061,915.0,[0915] SINOCO SAE 50 (1x12),2026-03-11,USD,USD,52.6856,,,,,producto_sin_lista
S00061,602.0,[0602] SINOCO SAE 50 (PAILA),2026-03-11,USD,USD,73.7547,,,,,producto_sin_lista
S00061,605.0,[0605] SINOCO SAE 20W-50 (PAIL,2026-03-11,USD,USD,73.7547,,,,,producto_sin_lista
S00074,884.0,[0884] TRANSMATIC ATF DEXRON I,2026-03-12,VES,VES,62.5172,83.0,feb23,67.0,83.0,por_debajo
S00074,561.0,[0561] MEJORADOR DE OCTANAJE G,2026-03-12,VES,VES,32.388,43.0,feb23,34.0,43.0,por_debajo
S00074,93.0,[0093] ALTA CILINDRADA SS API ,2026-03-12,VES,VES,31.6408,42.0,feb23,34.0,42.0,por_debajo
S00073,885.0,[0885] TRANSMATIC ATF MERCON V,2026-03-12,Sin Pago,INDETERMINADA,98.667,,,105.0,131.0,lista_indeterminada
S00073,761.0,[0761] LIGA PARA FRENOS DOT-3 ,2026-03-12,Sin Pago,INDETERMINADA,24.8557,,,26.0,33.0,lista_indeterminada
S00073,7.0,[0007] ELITE API SN SAE 5W-20 ,2026-03-12,Sin Pago,INDETERMINADA,42.9435,,,46.0,58.0,lista_indeterminada
S00073,13.0,[0013] ELITE API SN SAE 5W-30 ,2026-03-12,Sin Pago,INDETERMINADA,42.9435,,,46.0,58.0,lista_indeterminada
S00073,884.0,[0884] TRANSMATIC ATF DEXRON I,2026-03-12,Sin Pago,INDETERMINADA,62.5172,,,67.0,83.0,lista_indeterminada
S00076,761.0,[0761] LIGA PARA FRENOS DOT-3 ,2026-03-12,nan,INDETERMINADA,24.8422,,,26.0,33.0,lista_indeterminada
S00076,886.0,[0886] TRANSMATIC DEXRON VI (1,2026-03-12,nan,INDETERMINADA,98.6134,,,105.0,131.0,lista_indeterminada
S00076,885.0,[0885] TRANSMATIC ATF MERCON V,2026-03-12,nan,INDETERMINADA,98.6134,,,105.0,131.0,lista_indeterminada
S00076,121.0,[0121] TRANSGLOB API GL-5 SAE ,2026-03-12,nan,INDETERMINADA,33.8726,,,36.0,45.0,lista_indeterminada
S00076,25.0,[0025] SS EXTRA PROTECCION API,2026-03-12,nan,INDETERMINADA,33.2975,,,36.0,45.0,lista_indeterminada
S00076,877.0,[0877] SS EXTRA PROTECCION API,2026-03-12,nan,INDETERMINADA,71.0415,,,72.0,96.0,lista_indeterminada
S00076,878.0,[0878] SS EXTRA PROTECCION API,2026-03-12,nan,INDETERMINADA,66.6035,,,72.0,90.0,lista_indeterminada
S00076,880.0,[0880] CLASICO API SL SAE 15W-,2026-03-12,nan,INDETERMINADA,57.7191,,,62.0,78.0,lista_indeterminada
S00076,938.0,[0938] CLASICO API SL SAE 20W-,2026-03-12,nan,INDETERMINADA,56.9808,,,62.0,77.0,lista_indeterminada
S00076,762.0,[0762] LIGA PARA FRENOS DOT-3 ,2026-03-12,nan,INDETERMINADA,36.8856,,,39.0,49.0,lista_indeterminada
S00076,13.0,[0013] ELITE API SN SAE 5W-30 ,2026-03-12,nan,INDETERMINADA,42.9202,,,46.0,58.0,lista_indeterminada
S00076,19.0,[0019] ELITE API SN SAE 5W-40 ,2026-03-12,nan,INDETERMINADA,42.9202,,,46.0,58.0,lista_indeterminada
S00076,792.0,[0792] REFRIGERANTE GLOBAL ROJ,2026-03-12,nan,INDETERMINADA,21.8292,,,24.0,29.0,lista_indeterminada
S00077,25.0,[0025] SS EXTRA PROTECCION API,2026-03-12,USD,USD,38.8,36.0,mar12,36.0,45.0,por_encima
S00078,884.0,[0884] TRANSMATIC ATF DEXRON I,2026-03-12,VES,VES,62.8768,83.0,feb23,67.0,83.0,por_debajo
S00078,127.0,[0127] TRANSGLOB API GL-5 SAE ,2026-03-12,VES,VES,34.086,45.0,feb23,36.0,45.0,por_debajo
S00078,877.0,[0877] SS EXTRA PROTECCION API,2026-03-12,VES,VES,71.489,96.0,feb23,72.0,96.0,por_debajo
S00078,761.0,[0761] LIGA PARA FRENOS DOT-3 ,2026-03-12,VES,VES,24.9987,33.0,feb23,26.0,33.0,por_debajo
S00078,789.0,[0789] REFRIGERANTE GLOBAL VER,2026-03-12,VES,VES,21.9667,29.0,feb23,24.0,29.0,por_debajo
S00078,792.0,[0792] REFRIGERANTE GLOBAL ROJ,2026-03-12,VES,VES,21.9667,29.0,feb23,24.0,29.0,por_debajo
S00079,602.0,[0602] SINOCO SAE 50 (PAILA),2026-03-12,VES,VES,100.5,,,,,producto_sin_lista
S00079,779.0,[0779] SINOCO SAE 20W-50 (1x12,2026-03-12,VES,VES,72.0,,,,,producto_sin_lista
S00082,602.0,[0602] SINOCO SAE 50 (PAILA),2026-03-12,USD,USD,72.42,,,,,producto_sin_lista
S00082,603.0,[0603] SINOCO SAE 50 (Tambor),2026-03-12,USD,USD,683.62,,,,,producto_sin_lista
S00081,121.0,[0121] TRANSGLOB API GL-5 SAE ,2026-03-12,USD,USD,38.8,36.0,mar12,36.0,45.0,por_encima
S00083,775.0,[0775] LIGA PARA FRENOS DOT-4 ,2026-03-12,VES,VES,28.7908,38.0,feb23,31.0,38.0,por_debajo
S00083,877.0,[0877] SS EXTRA PROTECCION API,2026-03-12,VES,VES,80.4208,96.0,feb23,72.0,96.0,por_debajo
S00083,774.0,[0774] LIGA PARA FRENOS DOT-4 ,2026-03-12,VES,VES,44.6936,59.0,feb23,47.0,59.0,por_debajo
S00083,881.0,[0881] CLASICO API SL SAE 20W-,2026-03-12,VES,VES,58.8256,79.0,feb23,63.0,79.0,por_debajo
S00083,878.0,[0878] SS EXTRA PROTECCION API,2026-03-12,VES,VES,67.0231,90.0,feb23,72.0,90.0,por_debajo
S00083,795.0,[0795] REFRIGERANTE GLOBAL ORA,2026-03-12,VES,VES,32.5743,43.0,feb23,34.0,43.0,por_debajo
S00083,602.0,[0602] SINOCO SAE 50 (PAILA),2026-03-12,VES,VES,73.8127,,,,,producto_sin_lista
S00083,789.0,[0789] REFRIGERANTE GLOBAL VER,2026-03-12,VES,VES,21.9667,29.0,feb23,24.0,29.0,por_debajo
S00083,762.0,[0762] LIGA PARA FRENOS DOT-3 ,2026-03-12,VES,VES,37.118,49.0,feb23,39.0,49.0,por_debajo
S00083,792.0,[0792] REFRIGERANTE GLOBAL ROJ,2026-03-12,VES,VES,21.9667,29.0,feb23,24.0,29.0,por_debajo
S00087,877.0,[0877] SS EXTRA PROTECCION API,2026-03-12,USD,USD,80.4208,72.0,mar12,72.0,96.0,por_encima
S00087,761.0,[0761] LIGA PARA FRENOS DOT-3 ,2026-03-12,USD,USD,24.9987,26.0,mar12,26.0,33.0,por_debajo
S00087,779.0,[0779] SINOCO SAE 20W-50 (1x12,2026-03-12,USD,USD,51.5868,,,,,producto_sin_lista
S00087,878.0,[0878] SS EXTRA PROTECCION API,2026-03-12,USD,USD,67.0231,72.0,mar12,72.0,90.0,por_debajo
S00087,884.0,[0884] TRANSMATIC ATF DEXRON I,2026-03-12,USD,USD,62.8768,67.0,mar12,67.0,83.0,por_debajo
S00086,884.0,[0884] TRANSMATIC ATF DEXRON I,2026-03-12,VES,VES,62.8768,83.0,feb23,67.0,83.0,por_debajo
S00086,915.0,[0915] SINOCO SAE 50 (1x12),2026-03-12,VES,VES,52.7271,,,,,producto_sin_lista
S00086,121.0,[0121] TRANSGLOB API GL-5 SAE ,2026-03-12,VES,VES,34.086,45.0,feb23,36.0,45.0,por_debajo
S00084,880.0,[0880] CLASICO API SL SAE 15W-,2026-03-12,VES,VES,58.0827,78.0,feb23,62.0,78.0,por_debajo
S00091,886.0,[0886] TRANSMATIC DEXRON VI (1,2026-03-13,nan,INDETERMINADA,98.6134,,,105.0,131.0,lista_indeterminada
S00091,761.0,[0761] LIGA PARA FRENOS DOT-3 ,2026-03-13,nan,INDETERMINADA,24.8422,,,26.0,33.0,lista_indeterminada
S00091,792.0,[0792] REFRIGERANTE GLOBAL ROJ,2026-03-13,nan,INDETERMINADA,21.8292,,,24.0,29.0,lista_indeterminada
S00091,19.0,[0019] ELITE API SN SAE 5W-40 ,2026-03-13,nan,INDETERMINADA,42.9202,,,46.0,58.0,lista_indeterminada
S00091,13.0,[0013] ELITE API SN SAE 5W-30 ,2026-03-13,nan,INDETERMINADA,42.9202,,,46.0,58.0,lista_indeterminada
S00091,880.0,[0880] CLASICO API SL SAE 15W-,2026-03-13,nan,INDETERMINADA,57.7191,,,62.0,78.0,lista_indeterminada
S00091,878.0,[0878] SS EXTRA PROTECCION API,2026-03-13,nan,INDETERMINADA,66.6035,,,72.0,90.0,lista_indeterminada
S00091,877.0,[0877] SS EXTRA PROTECCION API,2026-03-13,nan,INDETERMINADA,71.0415,,,72.0,96.0,lista_indeterminada
S00091,121.0,[0121] TRANSGLOB API GL-5 SAE ,2026-03-13,nan,INDETERMINADA,33.8726,,,36.0,45.0,lista_indeterminada
S00091,885.0,[0885] TRANSMATIC ATF MERCON V,2026-03-13,nan,INDETERMINADA,98.6134,,,105.0,131.0,lista_indeterminada
S00091,25.0,[0025] SS EXTRA PROTECCION API,2026-03-13,nan,INDETERMINADA,33.2975,,,36.0,45.0,lista_indeterminada
S00091,762.0,[0762] LIGA PARA FRENOS DOT-3 ,2026-03-13,nan,INDETERMINADA,36.8856,,,39.0,49.0,lista_indeterminada
S00090,880.0,[0880] CLASICO API SL SAE 15W-,2026-03-13,USD,USD,67.25,62.0,mar12,62.0,78.0,por_encima
S00090,877.0,[0877] SS EXTRA PROTECCION API,2026-03-13,USD,USD,90.48,72.0,mar12,72.0,96.0,por_encima
S00090,121.0,[0121] TRANSGLOB API GL-5 SAE ,2026-03-13,USD,USD,38.8,36.0,mar12,36.0,45.0,por_encima
S00089,887.0,[0887] MOTOCLASICO 4T SAE 20W-,2026-03-13,USD,USD,70.69,66.0,mar12,66.0,82.0,por_encima
S00089,761.0,[0761] LIGA PARA FRENOS DOT-3 ,2026-03-13,USD,USD,28.45,26.0,mar12,26.0,33.0,por_encima
S00088,970.0,[0970] GRASA GLOBAL AT 250 AR-,2026-03-13,VES,VES,170.6186,224.0,feb23,179.0,224.0,por_debajo
S00088,83.0,[0083] MAXIMO API CF SAE 50 (P,2026-03-13,VES,VES,76.3719,102.0,feb23,81.0,102.0,por_debajo
S00092,775.0,[0775] LIGA PARA FRENOS DOT-4 ,2026-03-13,USD,USD,32.76,31.0,mar12,31.0,38.0,por_encima
S00092,774.0,[0774] LIGA PARA FRENOS DOT-4 ,2026-03-13,USD,USD,50.87,47.0,mar12,47.0,59.0,por_encima
S00093,887.0,[0887] MOTOCLASICO 4T SAE 20W-,2026-03-13,USD,USD,70.69,66.0,mar12,66.0,82.0,por_encima
S00094,779.0,[0779] SINOCO SAE 20W-50 (1x12,2026-03-13,VES,VES,59.72,,,,,producto_sin_lista
S00094,915.0,[0915] SINOCO SAE 50 (1x12),2026-03-13,VES,VES,61.04,,,,,producto_sin_lista
S00094,93.0,[0093] ALTA CILINDRADA SS API ,2026-03-13,VES,VES,43.97,42.0,feb23,34.0,42.0,por_encima
S00011,87.0,[0087] ENDUROGLOB 2T AIRE (1x6,2026-03-13,VES,VES,30.4643,41.0,feb23,33.0,41.0,por_debajo
S00011,761.0,[0761] LIGA PARA FRENOS DOT-3 ,2026-03-13,VES,VES,24.524,33.0,feb23,26.0,33.0,por_debajo
S00010,970.0,[0970] GRASA GLOBAL AT 250 AR-,2026-03-16,USD,USD,195.37,179.0,mar12,179.0,224.0,por_encima
S00010,146.0,[0146] HIDRAGLOB AW/ISO 68 (Ta,2026-03-16,USD,USD,776.18,799.0,mar12,799.0,998.0,por_debajo
S00010,125.0,[0125] TRANSGLOB API GL-5 SAE ,2026-03-16,USD,USD,924.21,956.0,mar12,956.0,1195.0,por_debajo
S00010,75.0,[0075] SUPREMO API CI-4 SAE 15,2026-03-16,USD,USD,891.44,933.0,mar12,933.0,1167.0,por_debajo
S00010,797.0,[0797] REFRIGERANTE GLOBAL ORA,2026-03-16,USD,USD,607.11,629.0,mar12,629.0,786.0,por_debajo
S00010,131.0,[0131] TRANSGLOB API GL-5 SAE ,2026-03-16,USD,USD,924.21,950.0,mar12,950.0,1188.0,por_debajo
S00010,603.0,[0603] SINOCO SAE 50 (Tambor),2026-03-16,USD,USD,676.65,,,,,producto_sin_lista
S00098,121.0,[0121] TRANSGLOB API GL-5 SAE ,2026-03-16,Sin Pago,INDETERMINADA,33.8726,,,36.0,45.0,lista_indeterminada
S00098,762.0,[0762] LIGA PARA FRENOS DOT-3 ,2026-03-16,Sin Pago,INDETERMINADA,36.8856,,,39.0,49.0,lista_indeterminada
S00098,886.0,[0886] TRANSMATIC DEXRON VI (1,2026-03-16,Sin Pago,INDETERMINADA,0.0,,,105.0,131.0,lista_indeterminada
S00098,761.0,[0761] LIGA PARA FRENOS DOT-3 ,2026-03-16,Sin Pago,INDETERMINADA,24.8422,,,26.0,33.0,lista_indeterminada
S00098,792.0,[0792] REFRIGERANTE GLOBAL ROJ,2026-03-16,Sin Pago,INDETERMINADA,21.8292,,,24.0,29.0,lista_indeterminada
S00098,19.0,[0019] ELITE API SN SAE 5W-40 ,2026-03-16,Sin Pago,INDETERMINADA,42.9202,,,46.0,58.0,lista_indeterminada
S00098,13.0,[0013] ELITE API SN SAE 5W-30 ,2026-03-16,Sin Pago,INDETERMINADA,42.9202,,,46.0,58.0,lista_indeterminada
S00098,881.0,[0881] CLASICO API SL SAE 20W-,2026-03-16,Sin Pago,INDETERMINADA,70.6393,,,63.0,79.0,lista_indeterminada
S00098,878.0,[0878] SS EXTRA PROTECCION API,2026-03-16,Sin Pago,INDETERMINADA,66.6035,,,72.0,90.0,lista_indeterminada
S00098,877.0,[0877] SS EXTRA PROTECCION API,2026-03-16,Sin Pago,INDETERMINADA,71.0415,,,72.0,96.0,lista_indeterminada
S00098,25.0,[0025] SS EXTRA PROTECCION API,2026-03-16,Sin Pago,INDETERMINADA,33.2975,,,36.0,45.0,lista_indeterminada
S00098,885.0,[0885] TRANSMATIC ATF MERCON V,2026-03-16,Sin Pago,INDETERMINADA,98.6134,,,105.0,131.0,lista_indeterminada
S00098,886.0,[0886] TRANSMATIC DEXRON VI (1,2026-03-16,Sin Pago,INDETERMINADA,98.6134,,,105.0,131.0,lista_indeterminada
S00096,884.0,[0884] TRANSMATIC ATF DEXRON I,2026-03-16,VES,VES,72.79,83.0,feb23,67.0,83.0,por_debajo
S00096,7.0,[0007] ELITE API SN SAE 5W-20 ,2026-03-16,VES,VES,63.36,58.0,feb23,46.0,58.0,por_encima
S00096,878.0,[0878] SS EXTRA PROTECCION API,2026-03-16,VES,VES,77.59,90.0,feb23,72.0,90.0,por_debajo
S00096,877.0,[0877] SS EXTRA PROTECCION API,2026-03-16,VES,VES,93.1,96.0,feb23,72.0,96.0,por_debajo
S00096,881.0,[0881] CLASICO API SL SAE 20W-,2026-03-16,VES,VES,68.1,79.0,feb23,63.0,79.0,por_debajo
S00097,127.0,[0127] TRANSGLOB API GL-5 SAE ,2026-03-16,VES,VES,39.46,45.0,feb23,36.0,45.0,por_debajo
S00097,881.0,[0881] CLASICO API SL SAE 20W-,2026-03-16,VES,VES,68.1,79.0,feb23,63.0,79.0,por_debajo
S00097,878.0,[0878] SS EXTRA PROTECCION API,2026-03-16,VES,VES,77.59,90.0,feb23,72.0,90.0,por_debajo
S00097,877.0,[0877] SS EXTRA PROTECCION API,2026-03-16,VES,VES,93.1,96.0,feb23,72.0,96.0,por_debajo
S00097,880.0,[0880] CLASICO API SL SAE 15W-,2026-03-16,VES,VES,67.24,78.0,feb23,62.0,78.0,por_debajo
S00097,884.0,[0884] TRANSMATIC ATF DEXRON I,2026-03-16,VES,VES,72.79,83.0,feb23,67.0,83.0,por_debajo
S00097,121.0,[0121] TRANSGLOB API GL-5 SAE ,2026-03-16,VES,VES,39.46,45.0,feb23,36.0,45.0,por_debajo
S00095,25.0,[0025] SS EXTRA PROTECCION API,2026-03-16,VES,VES,46.55,45.0,feb23,36.0,45.0,por_encima
S00095,13.0,[0013] ELITE API SN SAE 5W-30 ,2026-03-16,VES,VES,63.36,58.0,feb23,46.0,58.0,por_encima
S00095,121.0,[0121] TRANSGLOB API GL-5 SAE ,2026-03-16,VES,VES,39.46,45.0,feb23,36.0,45.0,por_debajo
S00095,880.0,[0880] CLASICO API SL SAE 15W-,2026-03-16,VES,VES,67.24,78.0,feb23,62.0,78.0,por_debajo
S00095,19.0,[0019] ELITE API SN SAE 5W-40 ,2026-03-16,VES,VES,63.36,58.0,feb23,46.0,58.0,por_encima
S00095,795.0,[0795] REFRIGERANTE GLOBAL ORA,2026-03-16,VES,VES,37.71,43.0,feb23,34.0,43.0,por_debajo
S00099,880.0,[0880] CLASICO API SL SAE 15W-,2026-03-16,VES,VES,80.17,78.0,feb23,62.0,78.0,por_encima
S00106,602.0,[0602] SINOCO SAE 50 (PAILA),2026-03-17,VES,VES,85.45,,,,,producto_sin_lista
S00107,881.0,[0881] CLASICO API SL SAE 20W-,2026-03-17,nan,INDETERMINADA,81.47,,,63.0,79.0,lista_indeterminada
S00107,7.0,[0007] ELITE API SN SAE 5W-20 ,2026-03-17,nan,INDETERMINADA,62.9196,,,46.0,58.0,lista_indeterminada
S00107,127.0,[0127] TRANSGLOB API GL-5 SAE ,2026-03-17,nan,INDETERMINADA,46.2264,,,36.0,45.0,lista_indeterminada
S00109,146.0,[0146] HIDRAGLOB AW/ISO 68 (Ta,2026-03-17,nan,INDETERMINADA,1082.33,,,799.0,998.0,lista_indeterminada
S00109,85.0,[0085] MAXIMO API CF SAE 50 (T,2026-03-17,nan,INDETERMINADA,1115.95,,,824.0,1030.0,lista_indeterminada
S00109,144.0,[0144] HIDRAGLOB AW/ISO 68 (PA,2026-03-17,nan,INDETERMINADA,94.4,,,73.0,91.0,lista_indeterminada
S00110,144.0,[0144] HIDRAGLOB AW/ISO 68 (PA,2026-03-17,nan,INDETERMINADA,94.4,,,73.0,91.0,lista_indeterminada
S00110,75.0,[0075] SUPREMO API CI-4 SAE 15,2026-03-17,nan,INDETERMINADA,1247.84,,,933.0,1167.0,lista_indeterminada
S00110,883.0,[0883] GRASA GLOBAL AZUL AZ 95,2026-03-17,nan,INDETERMINADA,107.33,,,76.0,95.0,lista_indeterminada
S00110,85.0,[0085] MAXIMO API CF SAE 50 (T,2026-03-17,nan,INDETERMINADA,1115.95,,,824.0,1030.0,lista_indeterminada
S00100,602.0,[0602] SINOCO SAE 50 (PAILA),2026-03-17,VES,VES,85.152,,,,,producto_sin_lista
S00101,884.0,[0884] TRANSMATIC ATF DEXRON I,2026-03-17,USD,USD,86.64,67.0,mar12,67.0,83.0,por_encima
S00101,779.0,[0779] SINOCO SAE 20W-50 (1x12,2026-03-17,USD,USD,72.07,,,,,producto_sin_lista
S00103,877.0,[0877] SS EXTRA PROTECCION API,2026-03-17,USD,USD,93.1,72.0,mar12,72.0,96.0,por_encima
S00103,880.0,[0880] CLASICO API SL SAE 15W-,2026-03-17,USD,USD,80.17,62.0,mar12,62.0,78.0,por_encima
S00103,881.0,[0881] CLASICO API SL SAE 20W-,2026-03-17,USD,USD,81.47,63.0,mar12,63.0,79.0,por_encima
S00103,884.0,[0884] TRANSMATIC ATF DEXRON I,2026-03-17,USD,USD,86.64,67.0,mar12,67.0,83.0,por_encima
S00103,779.0,[0779] SINOCO SAE 20W-50 (1x12,2026-03-17,USD,USD,62.07,,,,,producto_sin_lista
S00103,915.0,[0915] SINOCO SAE 50 (1x12),2026-03-17,USD,USD,62.07,,,,,producto_sin_lista
S00103,602.0,[0602] SINOCO SAE 50 (PAILA),2026-03-17,USD,USD,85.45,,,,,producto_sin_lista
S00104,887.0,[0887] MOTOCLASICO 4T SAE 20W-,2026-03-17,USD,USD,85.35,66.0,mar12,66.0,82.0,por_encima
S00105,779.0,[0779] SINOCO SAE 20W-50 (1x12,2026-03-17,VES,VES,62.07,,,,,producto_sin_lista
S00105,884.0,[0884] TRANSMATIC ATF DEXRON I,2026-03-17,VES,VES,86.64,83.0,feb23,67.0,83.0,por_encima
S00105,877.0,[0877] SS EXTRA PROTECCION API,2026-03-17,VES,VES,93.1,96.0,feb23,72.0,96.0,por_debajo
S00108,775.0,[0775] LIGA PARA FRENOS DOT-4 ,2026-03-17,USD,USD,55.6,31.0,mar12,31.0,38.0,por_encima
S00108,884.0,[0884] TRANSMATIC ATF DEXRON I,2026-03-17,USD,USD,86.64,67.0,mar12,67.0,83.0,por_encima
S00113,877.0,[0877] SS EXTRA PROTECCION API,2026-03-17,USD,USD,93.1,72.0,mar12,72.0,96.0,por_encima
S00115,83.0,[0083] MAXIMO API CF SAE 50 (P,2026-03-17,nan,INDETERMINADA,104.74,,,81.0,102.0,lista_indeterminada
S00116,127.0,[0127] TRANSGLOB API GL-5 SAE ,2026-03-18,USD,USD,36.0,36.0,mar12,36.0,45.0,ok
S00116,881.0,[0881] CLASICO API SL SAE 20W-,2026-03-18,USD,USD,49.35,63.0,mar12,63.0,79.0,por_debajo
S00114,887.0,[0887] MOTOCLASICO 4T SAE 20W-,2026-03-18,USD,USD,85.34,66.0,mar12,66.0,82.0,por_encima
S00117,779.0,[0779] SINOCO SAE 20W-50 (1x12,2026-03-18,USD,USD,61.6385,,,,,producto_sin_lista
S00117,605.0,[0605] SINOCO SAE 20W-50 (PAIL,2026-03-18,USD,USD,86.0377,,,,,producto_sin_lista
S00117,761.0,[0761] LIGA PARA FRENOS DOT-3 ,2026-03-18,USD,USD,30.8143,26.0,mar12,26.0,33.0,por_encima
S00118,93.0,[0093] ALTA CILINDRADA SS API ,2026-03-18,USD,USD,43.6643,34.0,mar12,34.0,42.0,por_encima
S00119,602.0,[0602] SINOCO SAE 50 (PAILA),2026-03-18,USD,USD,85.45,,,,,producto_sin_lista
S00119,121.0,[0121] TRANSGLOB API GL-5 SAE ,2026-03-18,USD,USD,39.46,36.0,mar12,36.0,45.0,por_encima
S00120,779.0,[0779] SINOCO SAE 20W-50 (1x12,2026-03-18,VES,VES,62.07,,,,,producto_sin_lista
S00120,779.0,[0779] SINOCO SAE 20W-50 (1x12,2026-03-18,VES,VES,62.07,,,,,producto_sin_lista
S00120,761.0,[0761] LIGA PARA FRENOS DOT-3 ,2026-03-18,VES,VES,31.03,33.0,feb23,26.0,33.0,por_debajo
S00121,121.0,[0121] TRANSGLOB API GL-5 SAE ,2026-03-19,VES,VES,39.46,45.0,feb23,36.0,45.0,por_debajo
S00121,880.0,[0880] CLASICO API SL SAE 15W-,2026-03-19,VES,VES,80.17,78.0,feb23,62.0,78.0,por_encima
S00121,877.0,[0877] SS EXTRA PROTECCION API,2026-03-19,VES,VES,93.1,96.0,feb23,72.0,96.0,por_debajo
S00121,779.0,[0779] SINOCO SAE 20W-50 (1x12,2026-03-19,VES,VES,62.07,,,,,producto_sin_lista
S00122,779.0,[0779] SINOCO SAE 20W-50 (1x12,2026-03-19,USD,USD,62.07,,,,,producto_sin_lista
S00123,761.0,[0761] LIGA PARA FRENOS DOT-3 ,2026-03-19,USD,USD,31.03,26.0,mar12,26.0,33.0,por_encima
S00123,774.0,[0774] LIGA PARA FRENOS DOT-4 ,2026-03-19,USD,USD,60.78,47.0,mar12,47.0,59.0,por_encima
S00124,886.0,[0886] TRANSMATIC DEXRON VI (1,2026-03-19,USD,USD,138.36,105.0,mar12,105.0,131.0,por_encima
S00124,877.0,[0877] SS EXTRA PROTECCION API,2026-03-19,USD,USD,93.1,72.0,mar12,72.0,96.0,por_encima
S00124,795.0,[0795] REFRIGERANTE GLOBAL ORA,2026-03-19,USD,USD,43.97,34.0,mar12,34.0,43.0,por_encima
S00124,13.0,[0013] ELITE API SN SAE 5W-30 ,2026-03-19,USD,USD,63.36,46.0,mar12,46.0,58.0,por_encima
S00124,880.0,[0880] CLASICO API SL SAE 15W-,2026-03-19,USD,USD,80.17,62.0,mar12,62.0,78.0,por_encima
S00124,881.0,[0881] CLASICO API SL SAE 20W-,2026-03-19,USD,USD,81.47,63.0,mar12,63.0,79.0,por_encima
S00124,25.0,[0025] SS EXTRA PROTECCION API,2026-03-19,USD,USD,46.55,36.0,mar12,36.0,45.0,por_encima
S00126,880.0,[0880] CLASICO API SL SAE 15W-,2026-03-19,USD,USD,80.17,62.0,mar12,62.0,78.0,por_encima
S00126,915.0,[0915] SINOCO SAE 50 (1x12),2026-03-19,USD,USD,62.07,,,,,producto_sin_lista
S00126,602.0,[0602] SINOCO SAE 50 (PAILA),2026-03-19,USD,USD,85.45,,,,,producto_sin_lista
S00126,877.0,[0877] SS EXTRA PROTECCION API,2026-03-19,USD,USD,93.1,72.0,mar12,72.0,96.0,por_encima
S00126,603.0,[0603] SINOCO SAE 50 (Tambor),2026-03-19,USD,USD,821.12,,,,,producto_sin_lista
S00126,881.0,[0881] CLASICO API SL SAE 20W-,2026-03-19,USD,USD,81.47,63.0,mar12,63.0,79.0,por_encima
S00127,603.0,[0603] SINOCO SAE 50 (Tambor),2026-03-19,USD,USD,821.12,,,,,producto_sin_lista
S00128,887.0,[0887] MOTOCLASICO 4T SAE 20W-,2026-03-19,MIXTO,USD(mixto->Binance),85.34,66.0,mar12,66.0,82.0,por_encima
S00125,887.0,[0887] MOTOCLASICO 4T SAE 20W-,2026-03-19,USD,USD,85.34,66.0,mar12,66.0,82.0,por_encima
S00125,888.0,[0888] ENDUROGLOB 2T AIRE (1x1,2026-03-19,USD,USD,86.64,66.0,mar12,66.0,82.0,por_encima
S00129,915.0,[0915] SINOCO SAE 50 (1x12),2026-03-20,USD,USD,62.07,,,,,producto_sin_lista
S00129,762.0,[0762] LIGA PARA FRENOS DOT-3 ,2026-03-20,USD,USD,50.43,39.0,mar12,39.0,49.0,por_encima
S00129,774.0,[0774] LIGA PARA FRENOS DOT-4 ,2026-03-20,USD,USD,60.78,47.0,mar12,47.0,59.0,por_encima
S00129,779.0,[0779] SINOCO SAE 20W-50 (1x12,2026-03-20,USD,USD,62.07,,,,,producto_sin_lista
S00129,761.0,[0761] LIGA PARA FRENOS DOT-3 ,2026-03-20,USD,USD,31.03,26.0,mar12,26.0,33.0,por_encima
S00129,602.0,[0602] SINOCO SAE 50 (PAILA),2026-03-20,USD,USD,85.45,,,,,producto_sin_lista
S00130,881.0,[0881] CLASICO API SL SAE 20W-,2026-03-20,USD,USD,81.47,63.0,mar12,63.0,79.0,por_encima
S00130,25.0,[0025] SS EXTRA PROTECCION API,2026-03-20,USD,USD,46.55,36.0,mar12,36.0,45.0,por_encima
S00130,878.0,[0878] SS EXTRA PROTECCION API,2026-03-20,USD,USD,93.1,72.0,mar12,72.0,90.0,por_encima
S00130,877.0,[0877] SS EXTRA PROTECCION API,2026-03-20,USD,USD,93.1,72.0,mar12,72.0,96.0,por_encima
S00130,880.0,[0880] CLASICO API SL SAE 15W-,2026-03-20,USD,USD,80.17,62.0,mar12,62.0,78.0,por_encima
S00130,884.0,[0884] TRANSMATIC ATF DEXRON I,2026-03-20,USD,USD,86.64,67.0,mar12,67.0,83.0,por_encima
S00130,779.0,[0779] SINOCO SAE 20W-50 (1x12,2026-03-20,USD,USD,62.07,,,,,producto_sin_lista
S00130,87.0,[0087] ENDUROGLOB 2T AIRE (1x6,2026-03-20,USD,USD,42.67,33.0,mar12,33.0,41.0,por_encima
S00130,887.0,[0887] MOTOCLASICO 4T SAE 20W-,2026-03-20,USD,USD,85.34,66.0,mar12,66.0,82.0,por_encima
S00132,779.0,[0779] SINOCO SAE 20W-50 (1x12,2026-03-20,USD,USD,62.07,,,,,producto_sin_lista
S00131,93.0,[0093] ALTA CILINDRADA SS API ,2026-03-20,USD,USD,43.97,34.0,mar12,34.0,42.0,por_encima
S00134,75.0,[0075] SUPREMO API CI-4 SAE 15,2026-03-21,nan,INDETERMINADA,1247.84,,,933.0,1167.0,lista_indeterminada
S00134,146.0,[0146] HIDRAGLOB AW/ISO 68 (Ta,2026-03-21,nan,INDETERMINADA,1082.33,,,799.0,998.0,lista_indeterminada
S00134,85.0,[0085] MAXIMO API CF SAE 50 (T,2026-03-21,nan,INDETERMINADA,1115.95,,,824.0,1030.0,lista_indeterminada
S00134,971.0,[0971] GRASA GLOBAL AT AR EP (,2026-03-21,nan,INDETERMINADA,2689.26,,,,,lista_indeterminada
S00134,91.0,[0091] ENDUROGLOB 2T AIRE (Tam,2026-03-21,nan,INDETERMINADA,1335.66,,,,,lista_indeterminada
S00135,75.0,[0075] SUPREMO API CI-4 SAE 15,2026-03-21,nan,INDETERMINADA,1247.84,,,933.0,1167.0,lista_indeterminada
S00135,146.0,[0146] HIDRAGLOB AW/ISO 68 (Ta,2026-03-21,nan,INDETERMINADA,1082.33,,,799.0,998.0,lista_indeterminada
S00135,85.0,[0085] MAXIMO API CF SAE 50 (T,2026-03-21,nan,INDETERMINADA,1115.95,,,824.0,1030.0,lista_indeterminada
S00136,880.0,[0880] CLASICO API SL SAE 15W-,2026-03-23,VES,VES,80.17,78.0,feb23,62.0,78.0,por_encima
S00138,915.0,[0915] SINOCO SAE 50 (1x12),2026-03-23,USD,USD,62.07,,,,,producto_sin_lista
S00138,779.0,[0779] SINOCO SAE 20W-50 (1x12,2026-03-23,USD,USD,62.07,,,,,producto_sin_lista
S00137,602.0,[0602] SINOCO SAE 50 (PAILA),2026-03-23,USD,USD,56.0,,,,,producto_sin_lista
S00139,83.0,[0083] MAXIMO API CF SAE 50 (P,2026-03-23,USD,USD,69.828,81.0,mar12,81.0,102.0,por_debajo
S00140,19.0,[0019] ELITE API SN SAE 5W-40 ,2026-03-23,VES,VES,46.25,58.0,feb23,46.0,58.0,por_debajo
S00145,602.0,[0602] SINOCO SAE 50 (PAILA),2026-03-24,VES,VES,86.64,,,,,producto_sin_lista
S00145,605.0,[0605] SINOCO SAE 20W-50 (PAIL,2026-03-24,VES,VES,86.64,,,,,producto_sin_lista
S00133,877.0,[0877] SS EXTRA PROTECCION API,2026-03-24,USD,USD,93.1,72.0,mar12,72.0,96.0,por_encima
S00133,915.0,[0915] SINOCO SAE 50 (1x12),2026-03-24,USD,USD,62.07,,,,,producto_sin_lista
S00133,878.0,[0878] SS EXTRA PROTECCION API,2026-03-24,USD,USD,93.1,72.0,mar12,72.0,90.0,por_encima
S00133,779.0,[0779] SINOCO SAE 20W-50 (1x12,2026-03-24,USD,USD,62.07,,,,,producto_sin_lista
S00133,144.0,[0144] HIDRAGLOB AW/ISO 68 (PA,2026-03-24,USD,USD,94.4,73.0,mar12,73.0,91.0,por_encima
S00141,602.0,[0602] SINOCO SAE 50 (PAILA),2026-03-24,USD,USD,86.64,,,,,producto_sin_lista
S00141,884.0,[0884] TRANSMATIC ATF DEXRON I,2026-03-24,USD,USD,86.64,67.0,mar12,67.0,83.0,por_encima
S00141,605.0,[0605] SINOCO SAE 20W-50 (PAIL,2026-03-24,USD,USD,86.64,,,,,producto_sin_lista
S00144,877.0,[0877] SS EXTRA PROTECCION API,2026-03-24,USD,USD,93.1,72.0,mar12,72.0,96.0,por_encima
S00143,93.0,[0093] ALTA CILINDRADA SS API ,2026-03-24,USD,USD,43.97,34.0,mar12,34.0,42.0,por_encima
S00143,762.0,[0762] LIGA PARA FRENOS DOT-3 ,2026-03-24,USD,USD,50.43,39.0,mar12,39.0,49.0,por_encima
S00143,887.0,[0887] MOTOCLASICO 4T SAE 20W-,2026-03-24,USD,USD,85.34,66.0,mar12,66.0,82.0,por_encima
S00143,87.0,[0087] ENDUROGLOB 2T AIRE (1x6,2026-03-24,USD,USD,42.67,33.0,mar12,33.0,41.0,por_encima
S00142,884.0,[0884] TRANSMATIC ATF DEXRON I,2026-03-24,USD,USD,86.64,67.0,mar12,67.0,83.0,por_encima
S00142,121.0,[0121] TRANSGLOB API GL-5 SAE ,2026-03-24,USD,USD,39.46,36.0,mar12,36.0,45.0,por_encima
S00146,605.0,[0605] SINOCO SAE 20W-50 (PAIL,2026-03-24,USD,USD,86.64,,,,,producto_sin_lista
S00146,602.0,[0602] SINOCO SAE 50 (PAILA),2026-03-24,USD,USD,85.45,,,,,producto_sin_lista
S00147,603.0,[0603] SINOCO SAE 50 (Tambor),2026-03-24,nan,INDETERMINADA,821.12,,,,,lista_indeterminada
S00148,127.0,[0127] TRANSGLOB API GL-5 SAE ,2026-03-25,USD,USD,31.1,36.0,mar12,36.0,45.0,por_debajo
S00149,779.0,[0779] SINOCO SAE 20W-50 (1x12,2026-03-25,VES,VES,62.07,,,,,producto_sin_lista
S00149,603.0,[0603] SINOCO SAE 50 (Tambor),2026-03-25,VES,VES,821.12,,,,,producto_sin_lista
S00150,93.0,[0093] ALTA CILINDRADA SS API ,2026-03-25,USD,USD,43.97,34.0,mar12,34.0,42.0,por_encima
S00150,887.0,[0887] MOTOCLASICO 4T SAE 20W-,2026-03-25,USD,USD,85.34,66.0,mar12,66.0,82.0,por_encima
S00151,915.0,[0915] SINOCO SAE 50 (1x12),2026-03-25,Sin Pago,INDETERMINADA,62.07,,,,,lista_indeterminada
S00151,779.0,[0779] SINOCO SAE 20W-50 (1x12,2026-03-25,Sin Pago,INDETERMINADA,62.07,,,,,lista_indeterminada
S00153,83.0,[0083] MAXIMO API CF SAE 50 (P,2026-03-26,USD,USD,104.75,81.0,mar12,81.0,102.0,por_encima
S00153,877.0,[0877] SS EXTRA PROTECCION API,2026-03-26,USD,USD,93.1,72.0,mar12,72.0,96.0,por_encima
S00152,121.0,[0121] TRANSGLOB API GL-5 SAE ,2026-03-26,USD,USD,46.55,36.0,mar12,36.0,45.0,por_encima
S00154,19.0,[0019] ELITE API SN SAE 5W-40 ,2026-03-26,Sin Pago,INDETERMINADA,45.8602,,,46.0,58.0,lista_indeterminada
S00154,1.0,[0001] ELITE API SP SAE 0W-20 ,2026-03-26,Sin Pago,INDETERMINADA,62.826,,,49.0,61.0,lista_indeterminada
S00154,881.0,[0881] CLASICO API SL SAE 20W-,2026-03-26,Sin Pago,INDETERMINADA,80.7833,,,63.0,79.0,lista_indeterminada
S00154,7.0,[0007] ELITE API SN SAE 5W-20 ,2026-03-26,Sin Pago,INDETERMINADA,62.826,,,46.0,58.0,lista_indeterminada
S00154,880.0,[0880] CLASICO API SL SAE 15W-,2026-03-26,Sin Pago,INDETERMINADA,79.4943,,,62.0,78.0,lista_indeterminada
S00154,877.0,[0877] SS EXTRA PROTECCION API,2026-03-26,Sin Pago,INDETERMINADA,92.3153,,,72.0,96.0,lista_indeterminada
S00154,13.0,[0013] ELITE API SN SAE 5W-30 ,2026-03-26,Sin Pago,INDETERMINADA,62.826,,,46.0,58.0,lista_indeterminada
S00157,879.0,[0879] CARIBE FUERA DE BORDA T,2026-03-26,USD,USD,84.05,65.0,mar12,65.0,81.0,por_encima
S00156,762.0,[0762] LIGA PARA FRENOS DOT-3 ,2026-03-26,USD,USD,50.43,39.0,mar12,39.0,49.0,por_encima
S00158,779.0,[0779] SINOCO SAE 20W-50 (1x12,2026-03-26,USD,USD,62.07,,,,,producto_sin_lista
S00158,884.0,[0884] TRANSMATIC ATF DEXRON I,2026-03-26,USD,USD,86.64,67.0,mar12,67.0,83.0,por_encima
S00158,605.0,[0605] SINOCO SAE 20W-50 (PAIL,2026-03-26,USD,USD,86.64,,,,,producto_sin_lista
S00158,878.0,[0878] SS EXTRA PROTECCION API,2026-03-26,USD,USD,93.1,72.0,mar12,72.0,90.0,por_encima
S00158,877.0,[0877] SS EXTRA PROTECCION API,2026-03-26,USD,USD,93.1,72.0,mar12,72.0,96.0,por_encima
S00158,880.0,[0880] CLASICO API SL SAE 15W-,2026-03-26,USD,USD,80.17,62.0,mar12,62.0,78.0,por_encima
S00155,762.0,[0762] LIGA PARA FRENOS DOT-3 ,2026-03-26,nan,INDETERMINADA,50.43,,,39.0,49.0,lista_indeterminada
S00159,779.0,[0779] SINOCO SAE 20W-50 (1x12,2026-03-26,USD,USD,62.07,,,,,producto_sin_lista
S00159,761.0,[0761] LIGA PARA FRENOS DOT-3 ,2026-03-26,USD,USD,31.03,26.0,mar12,26.0,33.0,por_encima
S00159,774.0,[0774] LIGA PARA FRENOS DOT-4 ,2026-03-26,USD,USD,60.78,47.0,mar12,47.0,59.0,por_encima
S00159,877.0,[0877] SS EXTRA PROTECCION API,2026-03-26,USD,USD,93.1,72.0,mar12,72.0,96.0,por_encima
S00159,25.0,[0025] SS EXTRA PROTECCION API,2026-03-26,USD,USD,46.55,36.0,mar12,36.0,45.0,por_encima
S00159,878.0,[0878] SS EXTRA PROTECCION API,2026-03-26,USD,USD,93.1,72.0,mar12,72.0,90.0,por_encima
S00159,775.0,[0775] LIGA PARA FRENOS DOT-4 ,2026-03-26,USD,USD,55.6,31.0,mar12,31.0,38.0,por_encima
S00159,121.0,[0121] TRANSGLOB API GL-5 SAE ,2026-03-26,USD,USD,46.55,36.0,mar12,36.0,45.0,por_encima
S00159,762.0,[0762] LIGA PARA FRENOS DOT-3 ,2026-03-26,USD,USD,50.43,39.0,mar12,39.0,49.0,por_encima
S00160,25.0,[0025] SS EXTRA PROTECCION API,2026-03-26,Sin Pago,INDETERMINADA,46.55,,,36.0,45.0,lista_indeterminada
S00160,127.0,[0127] TRANSGLOB API GL-5 SAE ,2026-03-26,Sin Pago,INDETERMINADA,46.55,,,36.0,45.0,lista_indeterminada
S00160,775.0,[0775] LIGA PARA FRENOS DOT-4 ,2026-03-26,Sin Pago,INDETERMINADA,55.6,,,31.0,38.0,lista_indeterminada
S00160,761.0,[0761] LIGA PARA FRENOS DOT-3 ,2026-03-26,Sin Pago,INDETERMINADA,31.03,,,26.0,33.0,lista_indeterminada
S00160,878.0,[0878] SS EXTRA PROTECCION API,2026-03-26,Sin Pago,INDETERMINADA,108.0,,,72.0,90.0,lista_indeterminada
S00160,121.0,[0121] TRANSGLOB API GL-5 SAE ,2026-03-26,Sin Pago,INDETERMINADA,39.46,,,36.0,45.0,lista_indeterminada
S00160,7.0,[0007] ELITE API SN SAE 5W-20 ,2026-03-26,Sin Pago,INDETERMINADA,63.36,,,46.0,58.0,lista_indeterminada
S00160,877.0,[0877] SS EXTRA PROTECCION API,2026-03-26,Sin Pago,INDETERMINADA,93.1,,,72.0,96.0,lista_indeterminada
S00160,13.0,[0013] ELITE API SN SAE 5W-30 ,2026-03-26,Sin Pago,INDETERMINADA,63.36,,,46.0,58.0,lista_indeterminada
S00160,19.0,[0019] ELITE API SN SAE 5W-40 ,2026-03-26,Sin Pago,INDETERMINADA,46.25,,,46.0,58.0,lista_indeterminada
S00160,884.0,[0884] TRANSMATIC ATF DEXRON I,2026-03-26,Sin Pago,INDETERMINADA,86.64,,,67.0,83.0,lista_indeterminada
S00160,561.0,[0561] MEJORADOR DE OCTANAJE G,2026-03-26,Sin Pago,INDETERMINADA,47.84,,,34.0,43.0,lista_indeterminada
S00160,795.0,[0795] REFRIGERANTE GLOBAL ORA,2026-03-26,Sin Pago,INDETERMINADA,43.97,,,34.0,43.0,lista_indeterminada
S00160,881.0,[0881] CLASICO API SL SAE 20W-,2026-03-26,Sin Pago,INDETERMINADA,81.47,,,63.0,79.0,lista_indeterminada
S00160,1.0,[0001] ELITE API SP SAE 0W-20 ,2026-03-26,Sin Pago,INDETERMINADA,63.36,,,49.0,61.0,lista_indeterminada
S00160,880.0,[0880] CLASICO API SL SAE 15W-,2026-03-26,Sin Pago,INDETERMINADA,80.17,,,62.0,78.0,lista_indeterminada
S00160,144.0,[0144] HIDRAGLOB AW/ISO 68 (PA,2026-03-26,Sin Pago,INDETERMINADA,94.4,,,73.0,91.0,lista_indeterminada
S00161,775.0,[0775] LIGA PARA FRENOS DOT-4 ,2026-03-26,Sin Pago,INDETERMINADA,55.6,,,31.0,38.0,lista_indeterminada
S00161,877.0,[0877] SS EXTRA PROTECCION API,2026-03-26,Sin Pago,INDETERMINADA,93.1,,,72.0,96.0,lista_indeterminada
S00162,915.0,[0915] SINOCO SAE 50 (1x12),2026-03-27,nan,INDETERMINADA,28961.9489,,,,,lista_indeterminada
S00162,779.0,[0779] SINOCO SAE 20W-50 (1x12,2026-03-27,nan,INDETERMINADA,28961.9489,,,,,lista_indeterminada
S00162,877.0,[0877] SS EXTRA PROTECCION API,2026-03-27,nan,INDETERMINADA,43440.5903,,,72.0,96.0,lista_indeterminada
S00162,881.0,[0881] CLASICO API SL SAE 20W-,2026-03-27,nan,INDETERMINADA,38014.0161,,,63.0,79.0,lista_indeterminada
S00163,877.0,[0877] SS EXTRA PROTECCION API,2026-03-27,USD,USD,92.7198,72.0,mar12,72.0,96.0,por_encima
S00163,915.0,[0915] SINOCO SAE 50 (1x12),2026-03-27,USD,USD,61.8165,,,,,producto_sin_lista
S00163,779.0,[0779] SINOCO SAE 20W-50 (1x12,2026-03-27,USD,USD,61.8165,,,,,producto_sin_lista
S00163,881.0,[0881] CLASICO API SL SAE 20W-,2026-03-27,USD,USD,81.1373,63.0,mar12,63.0,79.0,por_encima
S00164,121.0,[0121] TRANSGLOB API GL-5 SAE ,2026-03-27,USD,USD,39.46,36.0,mar12,36.0,45.0,por_encima
S00164,878.0,[0878] SS EXTRA PROTECCION API,2026-03-27,USD,USD,93.1,72.0,mar12,72.0,90.0,por_encima
S00164,880.0,[0880] CLASICO API SL SAE 15W-,2026-03-27,USD,USD,80.17,62.0,mar12,62.0,78.0,por_encima
S00164,877.0,[0877] SS EXTRA PROTECCION API,2026-03-27,USD,USD,93.1,72.0,mar12,72.0,96.0,por_encima
S00165,774.0,[0774] LIGA PARA FRENOS DOT-4 ,2026-03-27,VES,VES,60.78,59.0,feb23,47.0,59.0,por_encima
S00165,887.0,[0887] MOTOCLASICO 4T SAE 20W-,2026-03-27,VES,VES,85.34,82.0,feb23,66.0,82.0,por_encima
S00165,884.0,[0884] TRANSMATIC ATF DEXRON I,2026-03-27,VES,VES,86.64,83.0,feb23,67.0,83.0,por_encima
S00165,561.0,[0561] MEJORADOR DE OCTANAJE G,2026-03-27,VES,VES,47.84,43.0,feb23,34.0,43.0,por_encima
S00165,779.0,[0779] SINOCO SAE 20W-50 (1x12,2026-03-27,VES,VES,62.07,,,,,producto_sin_lista
S00165,878.0,[0878] SS EXTRA PROTECCION API,2026-03-27,VES,VES,93.1,90.0,feb23,72.0,90.0,por_encima
S00165,877.0,[0877] SS EXTRA PROTECCION API,2026-03-27,VES,VES,93.1,96.0,feb23,72.0,96.0,por_debajo
S00166,93.0,[0093] ALTA CILINDRADA SS API ,2026-03-27,Sin Pago,INDETERMINADA,43.97,,,34.0,42.0,lista_indeterminada
S00166,887.0,[0887] MOTOCLASICO 4T SAE 20W-,2026-03-27,Sin Pago,INDETERMINADA,85.34,,,66.0,82.0,lista_indeterminada
S00167,775.0,[0775] LIGA PARA FRENOS DOT-4 ,2026-03-27,VES,VES,55.6,38.0,feb23,31.0,38.0,por_encima
S00167,761.0,[0761] LIGA PARA FRENOS DOT-3 ,2026-03-27,VES,VES,31.03,33.0,feb23,26.0,33.0,por_debajo
S00168,779.0,[0779] SINOCO SAE 20W-50 (1x12,2026-03-27,USD,USD,62.07,,,,,producto_sin_lista
S00168,877.0,[0877] SS EXTRA PROTECCION API,2026-03-27,USD,USD,93.1,72.0,mar12,72.0,96.0,por_encima
S00168,884.0,[0884] TRANSMATIC ATF DEXRON I,2026-03-27,USD,USD,86.64,67.0,mar12,67.0,83.0,por_encima
S00168,880.0,[0880] CLASICO API SL SAE 15W-,2026-03-27,USD,USD,80.17,62.0,mar12,62.0,78.0,por_encima
S00168,792.0,[0792] REFRIGERANTE GLOBAL ROJ,2026-03-27,USD,USD,31.03,24.0,mar12,24.0,29.0,por_encima
S00169,761.0,[0761] LIGA PARA FRENOS DOT-3 ,2026-03-27,USD,USD,31.03,26.0,mar12,26.0,33.0,por_encima
S00170,779.0,[0779] SINOCO SAE 20W-50 (1x12,2026-03-30,USD,USD,62.07,,,,,producto_sin_lista
S00170,915.0,[0915] SINOCO SAE 50 (1x12),2026-03-30,USD,USD,62.07,,,,,producto_sin_lista
S00170,884.0,[0884] TRANSMATIC ATF DEXRON I,2026-03-30,USD,USD,86.64,67.0,mar12,67.0,83.0,por_encima
S00171,602.0,[0602] SINOCO SAE 50 (PAILA),2026-03-30,USD,USD,86.64,,,,,producto_sin_lista
S00172,882.0,[0882] GRASA MULTIPLE EP 200 (,2026-03-30,nan,INDETERMINADA,225.0,,,161.0,201.0,lista_indeterminada
S00173,884.0,[0884] TRANSMATIC ATF DEXRON I,2026-03-31,nan,INDETERMINADA,86.2433,,,67.0,83.0,lista_indeterminada
S00173,121.0,[0121] TRANSGLOB API GL-5 SAE ,2026-03-31,nan,INDETERMINADA,39.2793,,,36.0,45.0,lista_indeterminada
S00173,561.0,[0561] MEJORADOR DE OCTANAJE G,2026-03-31,nan,INDETERMINADA,47.6209,,,34.0,43.0,lista_indeterminada
S00173,761.0,[0761] LIGA PARA FRENOS DOT-3 ,2026-03-31,nan,INDETERMINADA,30.8879,,,26.0,33.0,lista_indeterminada
S00173,1.0,[0001] ELITE API SP SAE 0W-20 ,2026-03-31,nan,INDETERMINADA,63.0699,,,49.0,61.0,lista_indeterminada
S00173,795.0,[0795] REFRIGERANTE GLOBAL ORA,2026-03-31,nan,INDETERMINADA,43.7687,,,34.0,43.0,lista_indeterminada
S00173,792.0,[0792] REFRIGERANTE GLOBAL ROJ,2026-03-31,nan,INDETERMINADA,30.8879,,,24.0,29.0,lista_indeterminada
S00173,789.0,[0789] REFRIGERANTE GLOBAL GRE,2026-03-31,nan,INDETERMINADA,0.0652,,,24.0,29.0,lista_indeterminada
S00173,7.0,[0007] ELITE API SN SAE 5W-20 ,2026-03-31,nan,INDETERMINADA,63.0699,,,46.0,58.0,lista_indeterminada
S00173,13.0,[0013] ELITE API SN SAE 5W-30 ,2026-03-31,nan,INDETERMINADA,63.0699,,,46.0,58.0,lista_indeterminada
S00173,25.0,[0025] SS EXTRA PROTECCION API,2026-03-31,nan,INDETERMINADA,46.3369,,,36.0,45.0,lista_indeterminada
S00173,877.0,[0877] SS EXTRA PROTECCION API,2026-03-31,nan,INDETERMINADA,92.6737,,,72.0,96.0,lista_indeterminada
S00173,878.0,[0878] SS EXTRA PROTECCION API,2026-03-31,nan,INDETERMINADA,92.6737,,,72.0,90.0,lista_indeterminada
S00174,884.0,[0884] TRANSMATIC ATF DEXRON I,2026-03-31,VES,VES,86.64,83.0,feb23,67.0,83.0,por_encima
S00174,881.0,[0881] CLASICO API SL SAE 20W-,2026-03-31,VES,VES,81.47,79.0,feb23,63.0,79.0,por_encima
S00174,877.0,[0877] SS EXTRA PROTECCION API,2026-03-31,VES,VES,93.1,96.0,feb23,72.0,96.0,por_debajo
S00174,779.0,[0779] SINOCO SAE 20W-50 (1x12,2026-03-31,VES,VES,62.07,,,,,producto_sin_lista
S00174,13.0,[0013] ELITE API SN SAE 5W-30 ,2026-03-31,VES,VES,63.36,58.0,feb23,46.0,58.0,por_encima
S00175,127.0,[0127] TRANSGLOB API GL-5 SAE ,2026-03-31,USD,USD,46.55,36.0,mar12,36.0,45.0,por_encima
S00175,121.0,[0121] TRANSGLOB API GL-5 SAE ,2026-03-31,USD,USD,46.55,36.0,mar12,36.0,45.0,por_encima
S00177,93.0,[0093] ALTA CILINDRADA SS API ,2026-03-31,USD,USD,43.97,34.0,mar12,34.0,42.0,por_encima
S00177,887.0,[0887] MOTOCLASICO 4T SAE 20W-,2026-03-31,USD,USD,85.34,66.0,mar12,66.0,82.0,por_encima
S00177,779.0,[0779] SINOCO SAE 20W-50 (1x12,2026-03-31,USD,USD,62.07,,,,,producto_sin_lista
S00178,877.0,[0877] SS EXTRA PROTECCION API,2026-03-31,VES,VES,93.1,96.0,feb23,72.0,96.0,por_debajo
S00178,878.0,[0878] SS EXTRA PROTECCION API,2026-03-31,VES,VES,93.1,90.0,feb23,72.0,90.0,por_encima
S00178,884.0,[0884] TRANSMATIC ATF DEXRON I,2026-03-31,VES,VES,86.64,83.0,feb23,67.0,83.0,por_encima
S00178,881.0,[0881] CLASICO API SL SAE 20W-,2026-03-31,VES,VES,81.47,79.0,feb23,63.0,79.0,por_encima
S00178,779.0,[0779] SINOCO SAE 20W-50 (1x12,2026-03-31,VES,VES,62.07,,,,,producto_sin_lista
S00178,887.0,[0887] MOTOCLASICO 4T SAE 20W-,2026-03-31,VES,VES,85.34,82.0,feb23,66.0,82.0,por_encima
S00176,93.0,[0093] ALTA CILINDRADA SS API ,2026-03-31,USD,USD,43.97,34.0,mar12,34.0,42.0,por_encima
S00176,887.0,[0887] MOTOCLASICO 4T SAE 20W-,2026-03-31,USD,USD,85.34,66.0,mar12,66.0,82.0,por_encima
S00179,761.0,[0761] LIGA PARA FRENOS DOT-3 ,2026-04-01,USD,USD,31.03,26.0,mar12,26.0,33.0,por_encima
S00179,779.0,[0779] SINOCO SAE 20W-50 (1x12,2026-04-01,USD,USD,62.07,,,,,producto_sin_lista
S00179,602.0,[0602] SINOCO SAE 50 (PAILA),2026-04-01,USD,USD,85.45,,,,,producto_sin_lista
S00181,779.0,[0779] SINOCO SAE 20W-50 (1x12,2026-04-01,USD,USD,62.07,,,,,producto_sin_lista
S00182,881.0,[0881] CLASICO API SL SAE 20W-,2026-04-01,USD,USD,81.47,63.0,mar12,63.0,79.0,por_encima
S00184,1.0,[0001] ELITE API SP SAE 0W-20 ,2026-04-06,USD,USD,74.2706,49.0,mar12,49.0,61.0,por_encima
S00184,878.0,[0878] SS EXTRA PROTECCION API,2026-04-06,USD,USD,93.0721,72.0,mar12,72.0,90.0,por_encima
S00183,139.0,[0139] HIDRAGLOB AW/ISO 46 (PA,2026-04-06,VES,VES,145.0,103.0,feb23,83.0,103.0,por_encima
S00186,915.0,[0915] SINOCO SAE 50 (1x12),2026-04-06,USD,USD,69.0,,,,,producto_sin_lista
S00186,13.0,[0013] ELITE API SN SAE 5W-30 ,2026-04-06,USD,USD,73.0,46.0,mar12,46.0,58.0,por_encima
S00185,93.0,[0093] ALTA CILINDRADA SS API ,2026-04-07,VES,VES,46.0,42.0,feb23,34.0,42.0,por_encima
S00185,887.0,[0887] MOTOCLASICO 4T SAE 20W-,2026-04-07,VES,VES,90.0,82.0,feb23,66.0,82.0,por_encima
S00187,121.0,[0121] TRANSGLOB API GL-5 SAE ,2026-04-07,USD,USD,52.0,36.0,mar12,36.0,45.0,por_encima
S00188,121.0,[0121] TRANSGLOB API GL-5 SAE ,2026-04-07,USD,USD,30.93,36.0,mar12,36.0,45.0,por_debajo
S00189,877.0,[0877] SS EXTRA PROTECCION API,2026-04-08,USD,USD,64.66,72.0,mar12,72.0,96.0,por_debajo
S00189,881.0,[0881] CLASICO API SL SAE 20W-,2026-04-08,USD,USD,56.04,63.0,mar12,63.0,79.0,por_debajo
S00190,73.0,[0073] SUPREMO API CI-4 SAE 15,2026-04-09,USD,USD,127.7445,91.0,mar12,91.0,114.0,por_encima
S00193,880.0,[0880] CLASICO API SL SAE 15W-,2026-04-09,nan,INDETERMINADA,84.8303,,,62.0,78.0,lista_indeterminada
S00193,792.0,[0792] REFRIGERANTE GLOBAL ROJ,2026-04-09,nan,INDETERMINADA,30.9681,,,24.0,29.0,lista_indeterminada
S00193,887.0,[0887] MOTOCLASICO 4T SAE 20W-,2026-04-09,nan,INDETERMINADA,89.8204,,,66.0,82.0,lista_indeterminada
S00193,877.0,[0877] SS EXTRA PROTECCION API,2026-04-09,nan,INDETERMINADA,99.8004,,,72.0,96.0,lista_indeterminada
S00194,761.0,[0761] LIGA PARA FRENOS DOT-3 ,2026-04-09,nan,INDETERMINADA,28.94,,,26.0,33.0,lista_indeterminada
S00194,887.0,[0887] MOTOCLASICO 4T SAE 20W-,2026-04-09,nan,INDETERMINADA,71.91,,,66.0,82.0,lista_indeterminada
S00195,144.0,[0144] HIDRAGLOB AW/ISO 68 (PA,2026-04-09,USD,USD,94.0,73.0,mar12,73.0,91.0,por_encima
S00195,883.0,[0883] GRASA GLOBAL AZUL AZ 95,2026-04-09,USD,USD,116.0,76.0,mar12,76.0,95.0,por_encima
S00195,83.0,[0083] MAXIMO API CF SAE 50 (P,2026-04-09,USD,USD,113.0,81.0,mar12,81.0,102.0,por_encima
S00196,779.0,[0779] SINOCO SAE 20W-50 (1x12,2026-04-09,VES,VES,70.0,,,,,producto_sin_lista
S00196,915.0,[0915] SINOCO SAE 50 (1x12),2026-04-09,VES,VES,69.0,,,,,producto_sin_lista
S00196,93.0,[0093] ALTA CILINDRADA SS API ,2026-04-09,VES,VES,46.0,42.0,feb23,34.0,42.0,por_encima
S00197,121.0,[0121] TRANSGLOB API GL-5 SAE ,2026-04-09,USD,USD,51.73,36.0,mar12,36.0,45.0,por_encima
S00197,779.0,[0779] SINOCO SAE 20W-50 (1x12,2026-04-09,USD,USD,70.69,,,,,producto_sin_lista
S00197,877.0,[0877] SS EXTRA PROTECCION API,2026-04-09,USD,USD,100.0,72.0,mar12,72.0,96.0,por_encima
S00192,605.0,[0605] SINOCO SAE 20W-50 (PAIL,2026-04-09,USD,USD,96.8064,,,,,producto_sin_lista
S00198,880.0,[0880] CLASICO API SL SAE 15W-,2026-04-10,USD,USD,85.0,62.0,mar12,62.0,78.0,por_encima
S00198,881.0,[0881] CLASICO API SL SAE 20W-,2026-04-10,USD,USD,87.0,63.0,mar12,63.0,79.0,por_encima
S00198,877.0,[0877] SS EXTRA PROTECCION API,2026-04-10,USD,USD,100.0,72.0,mar12,72.0,96.0,por_encima
S00201,761.0,[0761] LIGA PARA FRENOS DOT-3 ,2026-04-10,USD,USD,36.0,26.0,mar12,26.0,33.0,por_encima
S00201,93.0,[0093] ALTA CILINDRADA SS API ,2026-04-10,USD,USD,46.0,34.0,mar12,34.0,42.0,por_encima
S00201,887.0,[0887] MOTOCLASICO 4T SAE 20W-,2026-04-10,USD,USD,90.0,66.0,mar12,66.0,82.0,por_encima
S00199,87.0,[0087] ENDUROGLOB 2T AIRE (1x6,2026-04-10,VES,VES,50.0,41.0,feb23,33.0,41.0,por_encima
S00200,887.0,[0887] MOTOCLASICO 4T SAE 20W-,2026-04-10,nan,INDETERMINADA,90.0,,,66.0,82.0,lista_indeterminada
S00202,886.0,[0886] TRANSMATIC DEXRON VI (1,2026-04-10,USD,USD,157.76,105.0,mar12,105.0,131.0,por_encima
S00206,536.0,[0536] MAXIMO API CF SAE 20W-5,2026-04-11,USD,USD,156.0,104.0,mar12,104.0,129.0,por_encima
S00205,887.0,[0887] MOTOCLASICO 4T SAE 20W-,2026-04-13,USD,USD,90.0,66.0,mar12,66.0,82.0,por_encima
S00205,877.0,[0877] SS EXTRA PROTECCION API,2026-04-13,USD,USD,100.0,72.0,mar12,72.0,96.0,por_encima
S00204,877.0,[0877] SS EXTRA PROTECCION API,2026-04-13,USD,USD,100.0,72.0,mar12,72.0,96.0,por_encima
S00204,605.0,[0605] SINOCO SAE 20W-50 (PAIL,2026-04-13,USD,USD,97.0,,,,,producto_sin_lista
S00204,93.0,[0093] ALTA CILINDRADA SS API ,2026-04-13,USD,USD,46.0,34.0,mar12,34.0,42.0,por_encima
S00204,602.0,[0602] SINOCO SAE 50 (PAILA),2026-04-13,USD,USD,93.0,,,,,producto_sin_lista
S00204,884.0,[0884] TRANSMATIC ATF DEXRON I,2026-04-13,USD,USD,96.0,67.0,mar12,67.0,83.0,por_encima
S00203,887.0,[0887] MOTOCLASICO 4T SAE 20W-,2026-04-13,USD,USD,90.0,66.0,mar12,66.0,82.0,por_encima
S00209,880.0,[0880] CLASICO API SL SAE 15W-,2026-04-13,USD,USD,85.0,62.0,mar12,62.0,78.0,por_encima
S00209,602.0,[0602] SINOCO SAE 50 (PAILA),2026-04-13,USD,USD,93.0,,,,,producto_sin_lista
S00209,605.0,[0605] SINOCO SAE 20W-50 (PAIL,2026-04-13,USD,USD,97.0,,,,,producto_sin_lista
S00208,884.0,[0884] TRANSMATIC ATF DEXRON I,2026-04-13,USD,USD,95.8562,67.0,mar12,67.0,83.0,por_encima
S00208,877.0,[0877] SS EXTRA PROTECCION API,2026-04-13,USD,USD,99.8502,72.0,mar12,72.0,96.0,por_encima
S00210,886.0,[0886] TRANSMATIC DEXRON VI (1,2026-04-13,USD,USD,158.0,105.0,mar12,105.0,131.0,por_encima
S00211,880.0,[0880] CLASICO API SL SAE 15W-,2026-04-13,6,INDETERMINADA,85.0,,,62.0,78.0,lista_indeterminada
S00212,779.0,[0779] SINOCO SAE 20W-50 (1x12,2026-04-13,VES,VES,70.0,,,,,producto_sin_lista
S00212,878.0,[0878] SS EXTRA PROTECCION API,2026-04-13,VES,VES,100.0,90.0,feb23,72.0,90.0,por_encima
S00212,877.0,[0877] SS EXTRA PROTECCION API,2026-04-13,VES,VES,100.0,96.0,feb23,72.0,96.0,por_encima
S00212,25.0,[0025] SS EXTRA PROTECCION API,2026-04-13,VES,VES,50.0,45.0,feb23,36.0,45.0,por_encima
S00207,877.0,[0877] SS EXTRA PROTECCION API,2026-04-13,USD,USD,100.0,72.0,mar12,72.0,96.0,por_encima
S00207,938.0,[0938] CLASICO API SL SAE 20W-,2026-04-13,USD,USD,93.0,62.0,mar12,62.0,77.0,por_encima
S00207,881.0,[0881] CLASICO API SL SAE 20W-,2026-04-13,USD,USD,87.0,63.0,mar12,63.0,79.0,por_encima
S00207,884.0,[0884] TRANSMATIC ATF DEXRON I,2026-04-13,USD,USD,96.0,67.0,mar12,67.0,83.0,por_encima
S00213,561.0,[0561] MEJORADOR DE OCTANAJE G,2026-04-13,USD,USD,51.0,34.0,mar12,34.0,43.0,por_encima
S00213,887.0,[0887] MOTOCLASICO 4T SAE 20W-,2026-04-13,USD,USD,90.0,66.0,mar12,66.0,82.0,por_encima
S00215,877.0,[0877] SS EXTRA PROTECCION API,2026-04-14,Sin Pago,INDETERMINADA,100.0,,,72.0,96.0,lista_indeterminada
S00218,881.0,[0881] CLASICO API SL SAE 20W-,2026-04-14,USD,USD,87.0,63.0,mar12,63.0,79.0,por_encima
S00218,877.0,[0877] SS EXTRA PROTECCION API,2026-04-14,USD,USD,100.0,72.0,mar12,72.0,96.0,por_encima
S00218,884.0,[0884] TRANSMATIC ATF DEXRON I,2026-04-14,USD,USD,96.0,67.0,mar12,67.0,83.0,por_encima
S00218,878.0,[0878] SS EXTRA PROTECCION API,2026-04-14,USD,USD,100.0,72.0,mar12,72.0,90.0,por_encima
S00219,877.0,[0877] SS EXTRA PROTECCION API,2026-04-14,USD,USD,100.0,72.0,mar12,72.0,96.0,por_encima
S00219,884.0,[0884] TRANSMATIC ATF DEXRON I,2026-04-14,USD,USD,95.69,67.0,mar12,67.0,83.0,por_encima
S00222,884.0,[0884] TRANSMATIC ATF DEXRON I,2026-04-15,USD,USD,96.0,67.0,mar12,67.0,83.0,por_encima
S00222,779.0,[0779] SINOCO SAE 20W-50 (1x12,2026-04-15,USD,USD,70.0,,,,,producto_sin_lista
S00222,605.0,[0605] SINOCO SAE 20W-50 (PAIL,2026-04-15,USD,USD,97.0,,,,,producto_sin_lista
S00223,602.0,[0602] SINOCO SAE 50 (PAILA),2026-04-15,USD,USD,93.0,,,,,producto_sin_lista
S00221,93.0,[0093] ALTA CILINDRADA SS API ,2026-04-15,USD,USD,45.9082,34.0,mar12,34.0,42.0,por_encima
S00221,87.0,[0087] ENDUROGLOB 2T AIRE (1x6,2026-04-15,USD,USD,49.9002,33.0,mar12,33.0,41.0,por_encima
S00221,887.0,[0887] MOTOCLASICO 4T SAE 20W-,2026-04-15,USD,USD,89.8204,66.0,mar12,66.0,82.0,por_encima
S00220,1035.0,[1035] SINOCO HIDRAULICO ISO 6,2026-04-15,USD,USD,56.0345,,,,,producto_sin_lista
S00220,779.0,[0779] SINOCO SAE 20W-50 (1x12,2026-04-15,USD,USD,46.0,,,,,producto_sin_lista
S00220,884.0,[0884] TRANSMATIC ATF DEXRON I,2026-04-15,USD,USD,62.0,67.0,mar12,67.0,83.0,por_debajo
S00224,144.0,[0144] HIDRAGLOB AW/ISO 68 (PA,2026-04-15,nan,INDETERMINADA,94.0,,,73.0,91.0,lista_indeterminada
S00224,75.0,[0075] SUPREMO API CI-4 SAE 15,2026-04-15,nan,INDETERMINADA,1271.0,,,933.0,1167.0,lista_indeterminada
S00224,85.0,[0085] MAXIMO API CF SAE 50 (T,2026-04-15,nan,INDETERMINADA,1136.0,,,824.0,1030.0,lista_indeterminada
S00225,75.0,[0075] SUPREMO API CI-4 SAE 15,2026-04-15,VES,VES,1271.0,1167.0,feb23,933.0,1167.0,por_encima
S00225,144.0,[0144] HIDRAGLOB AW/ISO 68 (PA,2026-04-15,VES,VES,94.0,91.0,feb23,73.0,91.0,por_encima
S00225,85.0,[0085] MAXIMO API CF SAE 50 (T,2026-04-15,VES,VES,1136.0,1030.0,feb23,824.0,1030.0,por_encima
S00226,884.0,[0884] TRANSMATIC ATF DEXRON I,2026-04-16,USD,USD,95.7606,67.0,mar12,67.0,83.0,por_encima
S00226,775.0,[0775] LIGA PARA FRENOS DOT-4 ,2026-04-16,USD,USD,41.8953,31.0,mar12,31.0,38.0,por_encima
S00226,774.0,[0774] LIGA PARA FRENOS DOT-4 ,2026-04-16,USD,USD,63.8404,47.0,mar12,47.0,59.0,por_encima
S00226,121.0,[0121] TRANSGLOB API GL-5 SAE ,2026-04-16,USD,USD,51.8703,36.0,mar12,36.0,45.0,por_encima
S00226,605.0,[0605] SINOCO SAE 20W-50 (PAIL,2026-04-16,USD,USD,96.7581,,,,,producto_sin_lista
S00227,888.0,[0888] ENDUROGLOB 2T AIRE (1x1,2026-04-16,VES,VES,100.0,82.0,feb23,66.0,82.0,por_encima
S00227,877.0,[0877] SS EXTRA PROTECCION API,2026-04-16,VES,VES,100.0,96.0,feb23,72.0,96.0,por_encima
S00227,878.0,[0878] SS EXTRA PROTECCION API,2026-04-16,VES,VES,100.0,90.0,feb23,72.0,90.0,por_encima
S00227,884.0,[0884] TRANSMATIC ATF DEXRON I,2026-04-16,VES,VES,96.0,83.0,feb23,67.0,83.0,por_encima
S00227,25.0,[0025] SS EXTRA PROTECCION API,2026-04-16,VES,VES,50.0,45.0,feb23,36.0,45.0,por_encima
S00227,881.0,[0881] CLASICO API SL SAE 20W-,2026-04-16,VES,VES,87.0,79.0,feb23,63.0,79.0,por_encima
S00228,877.0,[0877] SS EXTRA PROTECCION API,2026-04-16,VES,VES,100.0,96.0,feb23,72.0,96.0,por_encima
S00228,880.0,[0880] CLASICO API SL SAE 15W-,2026-04-16,VES,VES,85.0,78.0,feb23,62.0,78.0,por_encima
S00228,779.0,[0779] SINOCO SAE 20W-50 (1x12,2026-04-16,VES,VES,70.0,,,,,producto_sin_lista
S00229,144.0,[0144] HIDRAGLOB AW/ISO 68 (PA,2026-04-16,USD,USD,58.28,73.0,mar12,73.0,91.0,por_debajo
S00229,73.0,[0073] SUPREMO API CI-4 SAE 15,2026-04-16,USD,USD,79.36,91.0,mar12,91.0,114.0,por_debajo
S00229,877.0,[0877] SS EXTRA PROTECCION API,2026-04-16,USD,USD,61.93,72.0,mar12,72.0,96.0,por_debajo
S00229,7.0,[0007] ELITE API SN SAE 5W-20 ,2026-04-16,USD,USD,45.21,46.0,mar12,46.0,58.0,por_debajo
S00230,878.0,[0878] SS EXTRA PROTECCION API,2026-04-16,VES,VES,100.0,90.0,feb23,72.0,90.0,por_encima
S00230,602.0,[0602] SINOCO SAE 50 (PAILA),2026-04-16,VES,VES,93.0,,,,,producto_sin_lista
S00230,880.0,[0880] CLASICO API SL SAE 15W-,2026-04-16,VES,VES,85.0,78.0,feb23,62.0,78.0,por_encima
S00230,877.0,[0877] SS EXTRA PROTECCION API,2026-04-16,VES,VES,100.0,96.0,feb23,72.0,96.0,por_encima
S00231,606.0,[0606] SINOCO SAE 20W-50 (Tamb,2026-04-16,USD,USD,912.0,,,,,producto_sin_lista
S00232,882.0,[0882] GRASA MULTIPLE EP 200 (,2026-04-16,nan,INDETERMINADA,244.0,,,161.0,201.0,lista_indeterminada
S00233,121.0,[0121] TRANSGLOB API GL-5 SAE ,2026-04-16,VES,VES,52.0,45.0,feb23,36.0,45.0,por_encima
S00233,887.0,[0887] MOTOCLASICO 4T SAE 20W-,2026-04-16,VES,VES,90.0,82.0,feb23,66.0,82.0,por_encima
S00234,779.0,[0779] SINOCO SAE 20W-50 (1x12,2026-04-16,USD,USD,70.69,,,,,producto_sin_lista
S00236,25.0,[0025] SS EXTRA PROTECCION API,2026-04-17,Sin Pago,INDETERMINADA,49.9501,,,36.0,45.0,lista_indeterminada
S00236,881.0,[0881] CLASICO API SL SAE 20W-,2026-04-17,Sin Pago,INDETERMINADA,86.9131,,,63.0,79.0,lista_indeterminada
S00236,19.0,[0019] ELITE API SN SAE 5W-40 ,2026-04-17,Sin Pago,INDETERMINADA,72.9271,,,46.0,58.0,lista_indeterminada
S00236,880.0,[0880] CLASICO API SL SAE 15W-,2026-04-17,Sin Pago,INDETERMINADA,84.9151,,,62.0,78.0,lista_indeterminada
S00236,878.0,[0878] SS EXTRA PROTECCION API,2026-04-17,Sin Pago,INDETERMINADA,99.9001,,,72.0,90.0,lista_indeterminada
S00236,13.0,[0013] ELITE API SN SAE 5W-30 ,2026-04-17,Sin Pago,INDETERMINADA,72.9271,,,46.0,58.0,lista_indeterminada
S00236,877.0,[0877] SS EXTRA PROTECCION API,2026-04-17,Sin Pago,INDETERMINADA,99.9001,,,72.0,96.0,lista_indeterminada
S00236,7.0,[0007] ELITE API SN SAE 5W-20 ,2026-04-17,Sin Pago,INDETERMINADA,72.9271,,,46.0,58.0,lista_indeterminada
S00235,602.0,[0602] SINOCO SAE 50 (PAILA),2026-04-17,Sin Pago,INDETERMINADA,92.9071,,,,,lista_indeterminada
S00235,779.0,[0779] SINOCO SAE 20W-50 (1x12,2026-04-17,Sin Pago,INDETERMINADA,69.9301,,,,,lista_indeterminada
S00235,603.0,[0603] SINOCO SAE 50 (Tambor),2026-04-17,Sin Pago,INDETERMINADA,924.0761,,,,,lista_indeterminada
S00235,605.0,[0605] SINOCO SAE 20W-50 (PAIL,2026-04-17,Sin Pago,INDETERMINADA,96.9031,,,,,lista_indeterminada
S00237,73.0,[0073] SUPREMO API CI-4 SAE 15,2026-04-17,VES,VES,128.0,114.0,feb23,91.0,114.0,por_encima
S00238,877.0,[0877] SS EXTRA PROTECCION API,2026-04-17,USD,USD,100.0,72.0,mar12,72.0,96.0,por_encima
S00239,881.0,[0881] CLASICO API SL SAE 20W-,2026-04-17,USD,USD,56.03,63.0,mar12,63.0,79.0,por_debajo
S00240,25.0,[0025] SS EXTRA PROTECCION API,2026-04-20,USD,USD,50.0,36.0,mar12,36.0,45.0,por_encima
S00241,774.0,[0774] LIGA PARA FRENOS DOT-4 ,2026-04-20,USD,USD,64.66,47.0,mar12,47.0,59.0,por_encima
S00241,605.0,[0605] SINOCO SAE 20W-50 (PAIL,2026-04-20,USD,USD,97.42,,,,,producto_sin_lista
S00243,121.0,[0121] TRANSGLOB API GL-5 SAE ,2026-04-20,VES,VES,52.0,45.0,feb23,36.0,45.0,por_encima
S00243,605.0,[0605] SINOCO SAE 20W-50 (PAIL,2026-04-20,VES,VES,97.0,,,,,producto_sin_lista
S00243,761.0,[0761] LIGA PARA FRENOS DOT-3 ,2026-04-20,VES,VES,36.0,33.0,feb23,26.0,33.0,por_encima
S00243,779.0,[0779] SINOCO SAE 20W-50 (1x12,2026-04-20,VES,VES,70.0,,,,,producto_sin_lista
S00243,880.0,[0880] CLASICO API SL SAE 15W-,2026-04-20,VES,VES,85.0,78.0,feb23,62.0,78.0,por_encima
S00242,144.0,[0144] HIDRAGLOB AW/ISO 68 (PA,2026-04-20,VES,VES,94.0,91.0,feb23,73.0,91.0,por_encima
S00244,779.0,[0779] SINOCO SAE 20W-50 (1x12,2026-04-20,USD,USD,70.0,,,,,producto_sin_lista
S00244,605.0,[0605] SINOCO SAE 20W-50 (PAIL,2026-04-20,USD,USD,97.0,,,,,producto_sin_lista
S00244,602.0,[0602] SINOCO SAE 50 (PAILA),2026-04-20,USD,USD,93.0,,,,,producto_sin_lista
S00245,884.0,[0884] TRANSMATIC ATF DEXRON I,2026-04-21,USD,USD,96.0,67.0,mar12,67.0,83.0,por_encima
S00247,881.0,[0881] CLASICO API SL SAE 20W-,2026-04-21,Sin Pago,INDETERMINADA,87.0,,,63.0,79.0,lista_indeterminada
S00247,792.0,[0792] REFRIGERANTE GLOBAL ROJ,2026-04-21,Sin Pago,INDETERMINADA,31.03,,,24.0,29.0,lista_indeterminada
S00247,25.0,[0025] SS EXTRA PROTECCION API,2026-04-21,Sin Pago,INDETERMINADA,50.0,,,36.0,45.0,lista_indeterminada
S00247,877.0,[0877] SS EXTRA PROTECCION API,2026-04-21,Sin Pago,INDETERMINADA,100.0,,,72.0,96.0,lista_indeterminada
S00247,13.0,[0013] ELITE API SN SAE 5W-30 ,2026-04-21,Sin Pago,INDETERMINADA,73.0,,,46.0,58.0,lista_indeterminada
S00248,887.0,[0887] MOTOCLASICO 4T SAE 20W-,2026-04-21,USD,USD,90.0,66.0,mar12,66.0,82.0,por_encima
S00249,602.0,[0602] SINOCO SAE 50 (PAILA),2026-04-21,USD,USD,93.0,,,,,producto_sin_lista
S00249,877.0,[0877] SS EXTRA PROTECCION API,2026-04-21,USD,USD,100.0,72.0,mar12,72.0,96.0,por_encima
S00249,605.0,[0605] SINOCO SAE 20W-50 (PAIL,2026-04-21,USD,USD,97.0,,,,,producto_sin_lista
S00255,57.0,[0057] CLASICO API SL SAE 20W-,2026-04-22,nan,INDETERMINADA,126.0,,,90.0,112.0,lista_indeterminada
S00255,877.0,[0877] SS EXTRA PROTECCION API,2026-04-22,nan,INDETERMINADA,100.0,,,72.0,96.0,lista_indeterminada
S00250,887.0,[0887] MOTOCLASICO 4T SAE 20W-,2026-04-22,USD,USD,90.0,66.0,mar12,66.0,82.0,por_encima
S00260,779.0,[0779] SINOCO SAE 20W-50 (1x12,2026-04-22,VES,VES,70.0,,,,,producto_sin_lista
S00260,877.0,[0877] SS EXTRA PROTECCION API,2026-04-22,VES,VES,100.0,96.0,feb23,72.0,96.0,por_encima
S00259,762.0,[0762] LIGA PARA FRENOS DOT-3 ,2026-04-22,USD,USD,56.0,39.0,mar12,39.0,49.0,por_encima
S00259,779.0,[0779] SINOCO SAE 20W-50 (1x12,2026-04-22,USD,USD,70.0,,,,,producto_sin_lista
S00259,121.0,[0121] TRANSGLOB API GL-5 SAE ,2026-04-22,USD,USD,52.0,36.0,mar12,36.0,45.0,por_encima
S00259,761.0,[0761] LIGA PARA FRENOS DOT-3 ,2026-04-22,USD,USD,36.0,26.0,mar12,26.0,33.0,por_encima
S00258,561.0,[0561] MEJORADOR DE OCTANAJE G,2026-04-22,VES,VES,51.0,43.0,feb23,34.0,43.0,por_encima
S00258,887.0,[0887] MOTOCLASICO 4T SAE 20W-,2026-04-22,VES,VES,90.0,82.0,feb23,66.0,82.0,por_encima
S00257,877.0,[0877] SS EXTRA PROTECCION API,2026-04-22,USD,USD,100.0,72.0,mar12,72.0,96.0,por_encima
S00257,881.0,[0881] CLASICO API SL SAE 20W-,2026-04-22,USD,USD,87.0,63.0,mar12,63.0,79.0,por_encima
S00257,880.0,[0880] CLASICO API SL SAE 15W-,2026-04-22,USD,USD,85.0,62.0,mar12,62.0,78.0,por_encima
S00261,878.0,[0878] SS EXTRA PROTECCION API,2026-04-23,USD,USD,99.8801,72.0,mar12,72.0,90.0,por_encima
S00261,877.0,[0877] SS EXTRA PROTECCION API,2026-04-23,USD,USD,99.8801,72.0,mar12,72.0,96.0,por_encima
S00264,884.0,[0884] TRANSMATIC ATF DEXRON I,2026-04-23,MIXTO,USD(mixto->Binance),96.0,67.0,mar12,67.0,83.0,por_encima
S00263,878.0,[0878] SS EXTRA PROTECCION API,2026-04-23,USD,USD,100.0,72.0,mar12,72.0,90.0,por_encima
S00263,761.0,[0761] LIGA PARA FRENOS DOT-3 ,2026-04-23,USD,USD,36.21,26.0,mar12,26.0,33.0,por_encima
S00263,881.0,[0881] CLASICO API SL SAE 20W-,2026-04-23,USD,USD,86.21,63.0,mar12,63.0,79.0,por_encima
S00263,121.0,[0121] TRANSGLOB API GL-5 SAE ,2026-04-23,USD,USD,51.63,36.0,mar12,36.0,45.0,por_encima
S00263,877.0,[0877] SS EXTRA PROTECCION API,2026-04-23,USD,USD,100.0,72.0,mar12,72.0,96.0,por_encima
S00265,884.0,[0884] TRANSMATIC ATF DEXRON I,2026-04-23,USD,USD,96.0,67.0,mar12,67.0,83.0,por_encima
S00265,881.0,[0881] CLASICO API SL SAE 20W-,2026-04-23,USD,USD,87.0,63.0,mar12,63.0,79.0,por_encima
S00265,121.0,[0121] TRANSGLOB API GL-5 SAE ,2026-04-23,USD,USD,52.0,36.0,mar12,36.0,45.0,por_encima
S00274,792.0,[0792] REFRIGERANTE GLOBAL ROJ,2026-04-23,VES,VES,31.03,29.0,feb23,24.0,29.0,por_encima
S00274,877.0,[0877] SS EXTRA PROTECCION API,2026-04-23,VES,VES,100.0,96.0,feb23,72.0,96.0,por_encima
S00274,779.0,[0779] SINOCO SAE 20W-50 (1x12,2026-04-23,VES,VES,70.0,,,,,producto_sin_lista
S00279,884.0,[0884] TRANSMATIC ATF DEXRON I,2026-04-23,USD,USD,96.0,67.0,mar12,67.0,83.0,por_encima
S00281,127.0,[0127] TRANSGLOB API GL-5 SAE ,2026-04-23,nan,INDETERMINADA,53.0,,,36.0,45.0,lista_indeterminada
S00281,146.0,[0146] HIDRAGLOB AW/ISO 68 (Ta,2026-04-23,nan,INDETERMINADA,1103.0,,,799.0,998.0,lista_indeterminada
S00281,125.0,[0125] TRANSGLOB API GL-5 SAE ,2026-04-23,nan,INDETERMINADA,1319.0,,,956.0,1195.0,lista_indeterminada
S00281,882.0,[0882] GRASA MULTIPLE EP 200 (,2026-04-23,nan,INDETERMINADA,244.0,,,161.0,201.0,lista_indeterminada
S00280,561.0,[0561] MEJORADOR DE OCTANAJE G,2026-04-23,VES,VES,51.0,43.0,feb23,34.0,43.0,por_encima
S00282,887.0,[0887] MOTOCLASICO 4T SAE 20W-,2026-04-23,Sin Pago,INDETERMINADA,90.0,,,66.0,82.0,lista_indeterminada
S00282,761.0,[0761] LIGA PARA FRENOS DOT-3 ,2026-04-23,Sin Pago,INDETERMINADA,36.0,,,26.0,33.0,lista_indeterminada
S00283,93.0,[0093] ALTA CILINDRADA SS API ,2026-04-23,VES,VES,46.0,42.0,feb23,34.0,42.0,por_encima
S00283,877.0,[0877] SS EXTRA PROTECCION API,2026-04-23,VES,VES,100.0,96.0,feb23,72.0,96.0,por_encima
S00283,761.0,[0761] LIGA PARA FRENOS DOT-3 ,2026-04-23,VES,VES,36.0,33.0,feb23,26.0,33.0,por_encima
S00246,85.0,[0085] MAXIMO API CF SAE 50 (T,2026-04-24,USD,USD,1136.0,824.0,mar12,824.0,1030.0,por_encima
S00246,144.0,[0144] HIDRAGLOB AW/ISO 68 (PA,2026-04-24,USD,USD,94.0,73.0,mar12,73.0,91.0,por_encima
S00246,794.0,[0794] REFRIGERANTE GLOBAL ROJ,2026-04-24,USD,USD,580.0,426.0,mar12,426.0,532.0,por_encima
S00284,561.0,[0561] MEJORADOR DE OCTANAJE G,2026-04-24,VES,VES,51.0,43.0,feb23,34.0,43.0,por_encima
S00287,603.0,[0603] SINOCO SAE 50 (Tambor),2026-04-24,USD,USD,925.0,,,,,producto_sin_lista
S00286,605.0,[0605] SINOCO SAE 20W-50 (PAIL,2026-04-24,USD,USD,97.0,,,,,producto_sin_lista
S00286,121.0,[0121] TRANSGLOB API GL-5 SAE ,2026-04-24,USD,USD,52.0,36.0,mar12,36.0,45.0,por_encima
S00285,761.0,[0761] LIGA PARA FRENOS DOT-3 ,2026-04-24,USD,USD,36.0,26.0,mar12,26.0,33.0,por_encima
S00285,774.0,[0774] LIGA PARA FRENOS DOT-4 ,2026-04-24,USD,USD,64.0,47.0,mar12,47.0,59.0,por_encima
S00289,83.0,[0083] MAXIMO API CF SAE 50 (P,2026-04-24,USD,USD,113.0,81.0,mar12,81.0,102.0,por_encima
S00292,762.0,[0762] LIGA PARA FRENOS DOT-3 ,2026-04-24,USD,USD,56.0,39.0,mar12,39.0,49.0,por_encima
S00293,605.0,[0605] SINOCO SAE 20W-50 (PAIL,2026-04-27,USD,USD,97.0,,,,,producto_sin_lista
S00293,779.0,[0779] SINOCO SAE 20W-50 (1x12,2026-04-27,USD,USD,70.0,,,,,producto_sin_lista
S00295,761.0,[0761] LIGA PARA FRENOS DOT-3 ,2026-04-27,USD,USD,36.0,26.0,mar12,26.0,33.0,por_encima
S00295,774.0,[0774] LIGA PARA FRENOS DOT-4 ,2026-04-27,USD,USD,64.0,47.0,mar12,47.0,59.0,por_encima
S00294,107.0,[0107] TRANSMATIC ATF DEXRON I,2026-04-27,VES,VES,125.7736,114.0,feb23,91.0,114.0,por_encima
S00294,85.0,[0085] MAXIMO API CF SAE 50 (T,2026-04-27,VES,VES,1133.959,1030.0,feb23,824.0,1030.0,por_encima
S00294,146.0,[0146] HIDRAGLOB AW/ISO 68 (Ta,2026-04-27,VES,VES,1101.0183,998.0,feb23,799.0,998.0,por_encima
S00294,129.0,[0129] TRANSGLOB API GL-5 SAE ,2026-04-27,VES,VES,123.7772,113.0,feb23,90.0,113.0,por_encima
S00294,123.0,[0123] TRANSGLOB API GL-5 SAE ,2026-04-27,VES,VES,123.7772,112.0,feb23,89.0,112.0,por_encima
S00296,144.0,[0144] HIDRAGLOB AW/ISO 68 (PA,2026-04-27,Sin Pago,INDETERMINADA,94.0,,,73.0,91.0,lista_indeterminada
S00297,144.0,[0144] HIDRAGLOB AW/ISO 68 (PA,2026-04-27,nan,INDETERMINADA,94.0,,,73.0,91.0,lista_indeterminada
S00297,73.0,[0073] SUPREMO API CI-4 SAE 15,2026-04-27,nan,INDETERMINADA,128.0,,,91.0,114.0,lista_indeterminada
S00297,83.0,[0083] MAXIMO API CF SAE 50 (P,2026-04-27,nan,INDETERMINADA,113.0,,,81.0,102.0,lista_indeterminada
S00298,121.0,[0121] TRANSGLOB API GL-5 SAE ,2026-04-27,USD,USD,51.72,36.0,mar12,36.0,45.0,por_encima
S00298,127.0,[0127] TRANSGLOB API GL-5 SAE ,2026-04-27,USD,USD,53.05,36.0,mar12,36.0,45.0,por_encima
S00298,779.0,[0779] SINOCO SAE 20W-50 (1x12,2026-04-27,USD,USD,70.29,,,,,producto_sin_lista
S00300,779.0,[0779] SINOCO SAE 20W-50 (1x12,2026-04-27,VES,VES,70.69,,,,,producto_sin_lista
S00300,915.0,[0915] SINOCO SAE 50 (1x12),2026-04-27,VES,VES,70.69,,,,,producto_sin_lista
S00301,789.0,[0789] REFRIGERANTE GLOBAL VER,2026-04-28,USD,USD,34.48,24.0,mar12,24.0,29.0,por_encima
S00301,792.0,[0792] REFRIGERANTE GLOBAL ROJ,2026-04-28,USD,USD,34.48,24.0,mar12,24.0,29.0,por_encima
S00262,146.0,[0146] HIDRAGLOB AW/ISO 68 (Ta,2026-04-28,VES,VES,1101.678,998.0,feb23,799.0,998.0,por_encima
S00262,85.0,[0085] MAXIMO API CF SAE 50 (T,2026-04-28,VES,VES,1136.0,1030.0,feb23,824.0,1030.0,por_encima
S00302,887.0,[0887] MOTOCLASICO 4T SAE 20W-,2026-04-29,USD,USD,90.0,66.0,mar12,66.0,82.0,por_encima
S00303,602.0,[0602] SINOCO SAE 50 (PAILA),2026-04-29,USD,USD,92.8144,,,,,producto_sin_lista
S00303,779.0,[0779] SINOCO SAE 20W-50 (1x12,2026-04-29,USD,USD,69.8603,,,,,producto_sin_lista
S00304,121.0,[0121] TRANSGLOB API GL-5 SAE ,2026-04-29,Sin Pago,INDETERMINADA,52.0,,,36.0,45.0,lista_indeterminada
S00304,795.0,[0795] REFRIGERANTE GLOBAL ORA,2026-04-29,Sin Pago,INDETERMINADA,52.0,,,34.0,43.0,lista_indeterminada
S00304,877.0,[0877] SS EXTRA PROTECCION API,2026-04-29,Sin Pago,INDETERMINADA,100.0,,,72.0,96.0,lista_indeterminada
S00304,938.0,[0938] CLASICO API SL SAE 20W-,2026-04-29,Sin Pago,INDETERMINADA,93.0,,,62.0,77.0,lista_indeterminada
S00304,762.0,[0762] LIGA PARA FRENOS DOT-3 ,2026-04-29,Sin Pago,INDETERMINADA,56.0,,,39.0,49.0,lista_indeterminada
S00304,937.0,[0937] SS EXTRA PROTECCION API,2026-04-29,Sin Pago,INDETERMINADA,105.0,,,69.0,87.0,lista_indeterminada
S00304,775.0,[0775] LIGA PARA FRENOS DOT-4 ,2026-04-29,Sin Pago,INDETERMINADA,42.0,,,31.0,38.0,lista_indeterminada
S00304,885.0,[0885] TRANSMATIC ATF MERCON V,2026-04-29,Sin Pago,INDETERMINADA,158.0,,,105.0,131.0,lista_indeterminada
S00304,774.0,[0774] LIGA PARA FRENOS DOT-4 ,2026-04-29,Sin Pago,INDETERMINADA,64.0,,,47.0,59.0,lista_indeterminada
S00304,789.0,[0789] REFRIGERANTE GLOBAL VER,2026-04-29,Sin Pago,INDETERMINADA,34.0,,,24.0,29.0,lista_indeterminada
S00304,792.0,[0792] REFRIGERANTE GLOBAL ROJ,2026-04-29,Sin Pago,INDETERMINADA,31.03,,,24.0,29.0,lista_indeterminada
S00304,886.0,[0886] TRANSMATIC DEXRON VI (1,2026-04-29,Sin Pago,INDETERMINADA,158.0,,,105.0,131.0,lista_indeterminada
S00304,93.0,[0093] ALTA CILINDRADA SS API ,2026-04-29,Sin Pago,INDETERMINADA,46.0,,,34.0,42.0,lista_indeterminada
S00304,127.0,[0127] TRANSGLOB API GL-5 SAE ,2026-04-29,Sin Pago,INDETERMINADA,53.0,,,36.0,45.0,lista_indeterminada
S00305,877.0,[0877] SS EXTRA PROTECCION API,2026-04-29,VES,VES,100.0,96.0,feb23,72.0,96.0,por_encima
S00306,915.0,[0915] SINOCO SAE 50 (1x12),2026-04-29,VES,VES,69.0,,,,,producto_sin_lista
S00307,878.0,[0878] SS EXTRA PROTECCION API,2026-04-29,nan,INDETERMINADA,100.0,,,72.0,90.0,lista_indeterminada
S00308,880.0,[0880] CLASICO API SL SAE 15W-,2026-04-30,Sin Pago,INDETERMINADA,84.8388,,,62.0,78.0,lista_indeterminada
S00309,877.0,[0877] SS EXTRA PROTECCION API,2026-04-30,VES,VES,100.0,96.0,feb23,72.0,96.0,por_encima
S00309,779.0,[0779] SINOCO SAE 20W-50 (1x12,2026-04-30,VES,VES,70.0,,,,,producto_sin_lista
S00310,881.0,[0881] CLASICO API SL SAE 20W-,2026-04-30,USD,USD,87.0,63.0,mar12,63.0,79.0,por_encima
S00311,887.0,[0887] MOTOCLASICO 4T SAE 20W-,2026-04-30,USD,USD,90.0,66.0,mar12,66.0,82.0,por_encima
S00313,881.0,[0881] CLASICO API SL SAE 20W-,2026-04-30,MIXTO,USD(mixto->Binance),87.0,63.0,mar12,63.0,79.0,por_encima
S00314,602.0,[0602] SINOCO SAE 50 (PAILA),2026-05-04,USD,USD,92.5373,,,,,producto_sin_lista
S00314,774.0,[0774] LIGA PARA FRENOS DOT-4 ,2026-05-04,USD,USD,63.6816,47.0,mar12,47.0,59.0,por_encima
S00315,779.0,[0779] SINOCO SAE 20W-50 (1x12,2026-05-04,Sin Pago,INDETERMINADA,69.6518,,,,,lista_indeterminada
S00316,761.0,[0761] LIGA PARA FRENOS DOT-3 ,2026-05-04,VES,VES,36.0,33.0,feb23,26.0,33.0,por_encima
S00317,881.0,[0881] CLASICO API SL SAE 20W-,2026-05-04,USD,USD,87.0,63.0,mar12,63.0,79.0,por_encima
S00317,779.0,[0779] SINOCO SAE 20W-50 (1x12,2026-05-04,USD,USD,70.0,,,,,producto_sin_lista
S00317,561.0,[0561] MEJORADOR DE OCTANAJE G,2026-05-04,USD,USD,51.0,34.0,mar12,34.0,43.0,por_encima
S00317,878.0,[0878] SS EXTRA PROTECCION API,2026-05-04,USD,USD,100.0,72.0,mar12,72.0,90.0,por_encima
S00318,779.0,[0779] SINOCO SAE 20W-50 (1x12,2026-05-04,USD,USD,70.0,,,,,producto_sin_lista
S00319,877.0,[0877] SS EXTRA PROTECCION API,2026-05-04,Sin Pago,INDETERMINADA,100.0,,,72.0,96.0,lista_indeterminada
S00319,915.0,[0915] SINOCO SAE 50 (1x12),2026-05-04,Sin Pago,INDETERMINADA,69.0,,,,,lista_indeterminada
S00319,761.0,[0761] LIGA PARA FRENOS DOT-3 ,2026-05-04,Sin Pago,INDETERMINADA,36.0,,,26.0,33.0,lista_indeterminada
S00319,878.0,[0878] SS EXTRA PROTECCION API,2026-05-04,Sin Pago,INDETERMINADA,100.0,,,72.0,90.0,lista_indeterminada
S00319,762.0,[0762] LIGA PARA FRENOS DOT-3 ,2026-05-04,Sin Pago,INDETERMINADA,56.0,,,39.0,49.0,lista_indeterminada
S00319,779.0,[0779] SINOCO SAE 20W-50 (1x12,2026-05-04,Sin Pago,INDETERMINADA,70.0,,,,,lista_indeterminada
S00320,881.0,[0881] CLASICO API SL SAE 20W-,2026-05-04,Sin Pago,INDETERMINADA,87.0,,,63.0,79.0,lista_indeterminada
S00320,880.0,[0880] CLASICO API SL SAE 15W-,2026-05-04,Sin Pago,INDETERMINADA,85.0,,,62.0,78.0,lista_indeterminada
S00320,878.0,[0878] SS EXTRA PROTECCION API,2026-05-04,Sin Pago,INDETERMINADA,100.0,,,72.0,90.0,lista_indeterminada
S00320,877.0,[0877] SS EXTRA PROTECCION API,2026-05-04,Sin Pago,INDETERMINADA,100.0,,,72.0,96.0,lista_indeterminada
S00320,915.0,[0915] SINOCO SAE 50 (1x12),2026-05-04,Sin Pago,INDETERMINADA,69.0,,,,,lista_indeterminada
S00320,779.0,[0779] SINOCO SAE 20W-50 (1x12,2026-05-04,Sin Pago,INDETERMINADA,70.0,,,,,lista_indeterminada
S00321,107.0,[0107] TRANSMATIC ATF DEXRON I,2026-05-04,Sin Pago,INDETERMINADA,126.0,,,91.0,114.0,lista_indeterminada
S00322,880.0,[0880] CLASICO API SL SAE 15W-,2026-05-04,VES,VES,85.0,78.0,feb23,62.0,78.0,por_encima
S00323,602.0,[0602] SINOCO SAE 50 (PAILA),2026-05-05,USD,USD,92.9071,,,,,producto_sin_lista
S00324,795.0,[0795] REFRIGERANTE GLOBAL ORA,2026-05-05,USD,USD,51.9481,34.0,mar12,34.0,43.0,por_encima
S00326,774.0,[0774] LIGA PARA FRENOS DOT-4 ,2026-05-05,USD,USD,64.0,47.0,mar12,47.0,59.0,por_encima
S00325,915.0,[0915] SINOCO SAE 50 (1x12),2026-05-05,USD,USD,68.9311,,,,,producto_sin_lista
S00327,25.0,[0025] SS EXTRA PROTECCION API,2026-05-05,USD,USD,50.0,36.0,mar12,36.0,45.0,por_encima
S00327,884.0,[0884] TRANSMATIC ATF DEXRON I,2026-05-05,USD,USD,96.0,67.0,mar12,67.0,83.0,por_encima
S00327,779.0,[0779] SINOCO SAE 20W-50 (1x12,2026-05-05,USD,USD,70.0,,,,,producto_sin_lista
S00327,881.0,[0881] CLASICO API SL SAE 20W-,2026-05-05,USD,USD,87.0,63.0,mar12,63.0,79.0,por_encima
S00327,1041.0,[1041] SINOCO API CF/SF SAE 15,2026-05-05,USD,USD,106.0,,,,,producto_sin_lista
S00327,792.0,[0792] REFRIGERANTE GLOBAL ROJ,2026-05-05,USD,USD,31.03,24.0,mar12,24.0,29.0,por_encima
S00327,789.0,[0789] REFRIGERANTE GLOBAL VER,2026-05-05,USD,USD,34.0,24.0,mar12,24.0,29.0,por_encima
S00332,121.0,[0121] TRANSGLOB API GL-5 SAE ,2026-05-06,USD,USD,52.0,36.0,mar12,36.0,45.0,por_encima
S00332,877.0,[0877] SS EXTRA PROTECCION API,2026-05-06,USD,USD,100.0,72.0,mar12,72.0,96.0,por_encima
S00331,762.0,[0762] LIGA PARA FRENOS DOT-3 ,2026-05-06,USD,USD,56.0,39.0,mar12,39.0,49.0,por_encima
S00331,761.0,[0761] LIGA PARA FRENOS DOT-3 ,2026-05-06,USD,USD,36.0,26.0,mar12,26.0,33.0,por_encima
S00330,762.0,[0762] LIGA PARA FRENOS DOT-3 ,2026-05-06,VES,VES,56.0,49.0,feb23,39.0,49.0,por_encima
S00330,602.0,[0602] SINOCO SAE 50 (PAILA),2026-05-06,VES,VES,93.0,,,,,producto_sin_lista
S00329,73.0,[0073] SUPREMO API CI-4 SAE 15,2026-05-06,nan,INDETERMINADA,128.0,,,91.0,114.0,lista_indeterminada
S00334,877.0,[0877] SS EXTRA PROTECCION API,2026-05-06,USD,USD,100.0,72.0,mar12,72.0,96.0,por_encima
S00334,886.0,[0886] TRANSMATIC DEXRON VI (1,2026-05-06,USD,USD,158.0,105.0,mar12,105.0,131.0,por_encima
S00335,887.0,[0887] MOTOCLASICO 4T SAE 20W-,2026-05-07,USD,USD,90.0,66.0,mar12,66.0,82.0,por_encima
S00335,877.0,[0877] SS EXTRA PROTECCION API,2026-05-07,USD,USD,100.0,72.0,mar12,72.0,96.0,por_encima
S00335,884.0,[0884] TRANSMATIC ATF DEXRON I,2026-05-07,USD,USD,96.0,67.0,mar12,67.0,83.0,por_encima
S00336,877.0,[0877] SS EXTRA PROTECCION API,2026-05-07,USD,USD,100.0,72.0,mar12,72.0,96.0,por_encima
S00336,1.0,[0001] ELITE API SP SAE 0W-20 ,2026-05-07,USD,USD,0.0,49.0,mar12,49.0,61.0,por_debajo
S00336,915.0,[0915] SINOCO SAE 50 (1x12),2026-05-07,USD,USD,69.0,,,,,producto_sin_lista
S00337,93.0,[0093] ALTA CILINDRADA SS API ,2026-05-07,Sin Pago,INDETERMINADA,75.0,,,34.0,42.0,lista_indeterminada
S00339,602.0,[0602] SINOCO SAE 50 (PAILA),2026-05-07,USD,USD,93.0,,,,,producto_sin_lista
S00339,605.0,[0605] SINOCO SAE 20W-50 (PAIL,2026-05-07,USD,USD,97.0,,,,,producto_sin_lista
S00338,887.0,[0887] MOTOCLASICO 4T SAE 20W-,2026-05-07,USD,USD,90.0,66.0,mar12,66.0,82.0,por_encima
S00340,605.0,[0605] SINOCO SAE 20W-50 (PAIL,2026-05-07,VES,VES,97.0,,,,,producto_sin_lista
S00341,877.0,[0877] SS EXTRA PROTECCION API,2026-05-07,USD,USD,100.0,72.0,mar12,72.0,96.0,por_encima
S00343,887.0,[0887] MOTOCLASICO 4T SAE 20W-,2026-05-07,Sin Pago,INDETERMINADA,90.0,,,66.0,82.0,lista_indeterminada
S00343,93.0,[0093] ALTA CILINDRADA SS API ,2026-05-07,Sin Pago,INDETERMINADA,75.0,,,34.0,42.0,lista_indeterminada
S00344,774.0,[0774] LIGA PARA FRENOS DOT-4 ,2026-05-07,USD,USD,64.0,47.0,mar12,47.0,59.0,por_encima
S00346,606.0,[0606] SINOCO SAE 20W-50 (Tamb,2026-05-08,USD,USD,906.4705,,,,,producto_sin_lista
S00348,779.0,[0779] SINOCO SAE 20W-50 (1x12,2026-05-08,VES,VES,70.0,,,,,producto_sin_lista
S00347,25.0,[0025] SS EXTRA PROTECCION API,2026-05-08,Sin Pago,INDETERMINADA,50.0,,,36.0,45.0,lista_indeterminada
S00347,877.0,[0877] SS EXTRA PROTECCION API,2026-05-08,Sin Pago,INDETERMINADA,100.0,,,72.0,96.0,lista_indeterminada
S00349,774.0,[0774] LIGA PARA FRENOS DOT-4 ,2026-05-08,VES,VES,64.0,59.0,feb23,47.0,59.0,por_encima
S00350,603.0,[0603] SINOCO SAE 50 (Tambor),2026-05-08,USD,USD,925.0,,,,,producto_sin_lista
S00350,779.0,[0779] SINOCO SAE 20W-50 (1x12,2026-05-08,USD,USD,70.0,,,,,producto_sin_lista
S00351,779.0,[0779] SINOCO SAE 20W-50 (1x12,2026-05-08,VES,VES,70.0,,,,,producto_sin_lista
S00352,779.0,[0779] SINOCO SAE 20W-50 (1x12,2026-05-08,Sin Pago,INDETERMINADA,70.0,,,,,lista_indeterminada
S00353,779.0,[0779] SINOCO SAE 20W-50 (1x12,2026-05-08,USD,USD,70.0,,,,,producto_sin_lista
S00354,884.0,[0884] TRANSMATIC ATF DEXRON I,2026-05-11,USD,USD,96.0,67.0,mar12,67.0,83.0,por_encima
S00355,887.0,[0887] MOTOCLASICO 4T SAE 20W-,2026-05-11,USD,USD,89.8921,66.0,mar12,66.0,82.0,por_encima
S00355,881.0,[0881] CLASICO API SL SAE 20W-,2026-05-11,USD,USD,86.8957,63.0,mar12,63.0,79.0,por_encima
S00355,884.0,[0884] TRANSMATIC ATF DEXRON I,2026-05-11,USD,USD,95.8849,67.0,mar12,67.0,83.0,por_encima
S00355,880.0,[0880] CLASICO API SL SAE 15W-,2026-05-11,USD,USD,84.8981,62.0,mar12,62.0,78.0,por_encima
S00355,878.0,[0878] SS EXTRA PROTECCION API,2026-05-11,USD,USD,99.8802,72.0,mar12,72.0,90.0,por_encima
S00355,877.0,[0877] SS EXTRA PROTECCION API,2026-05-11,USD,USD,99.8802,72.0,mar12,72.0,96.0,por_encima
S00356,878.0,[0878] SS EXTRA PROTECCION API,2026-05-11,USD,USD,99.8802,72.0,mar12,72.0,90.0,por_encima
S00358,602.0,[0602] SINOCO SAE 50 (PAILA),2026-05-11,VES,VES,92.8885,,,,,producto_sin_lista
S00359,779.0,[0779] SINOCO SAE 20W-50 (1x12,2026-05-11,VES,VES,69.9161,,,,,producto_sin_lista
S00361,887.0,[0887] MOTOCLASICO 4T SAE 20W-,2026-05-11,VES,VES,89.8921,82.0,feb23,66.0,82.0,por_encima
S00361,880.0,[0880] CLASICO API SL SAE 15W-,2026-05-11,VES,VES,84.8981,78.0,feb23,62.0,78.0,por_encima
S00361,877.0,[0877] SS EXTRA PROTECCION API,2026-05-11,VES,VES,99.8802,96.0,feb23,72.0,96.0,por_encima
S00362,881.0,[0881] CLASICO API SL SAE 20W-,2026-05-11,Sin Pago,INDETERMINADA,86.8957,,,63.0,79.0,lista_indeterminada
S00362,13.0,[0013] ELITE API SN SAE 5W-30 ,2026-05-11,Sin Pago,INDETERMINADA,72.9125,,,46.0,58.0,lista_indeterminada
S00362,877.0,[0877] SS EXTRA PROTECCION API,2026-05-11,Sin Pago,INDETERMINADA,99.8802,,,72.0,96.0,lista_indeterminada
S00362,7.0,[0007] ELITE API SN SAE 5W-20 ,2026-05-11,Sin Pago,INDETERMINADA,72.9125,,,46.0,58.0,lista_indeterminada
S00362,19.0,[0019] ELITE API SN SAE 5W-40 ,2026-05-11,Sin Pago,INDETERMINADA,72.9125,,,46.0,58.0,lista_indeterminada
S00362,1.0,[0001] ELITE API SP SAE 0W-20 ,2026-05-11,Sin Pago,INDETERMINADA,73.9113,,,49.0,61.0,lista_indeterminada
S00362,880.0,[0880] CLASICO API SL SAE 15W-,2026-05-11,Sin Pago,INDETERMINADA,84.8981,,,62.0,78.0,lista_indeterminada
S00364,779.0,[0779] SINOCO SAE 20W-50 (1x12,2026-05-12,USD,USD,69.9161,,,,,producto_sin_lista
S00363,603.0,[0603] SINOCO SAE 50 (Tambor),2026-05-12,Sin Pago,INDETERMINADA,923.8914,,,,,lista_indeterminada
S00214,85.0,[0085] MAXIMO API CF SAE 50 (T,2026-05-12,VES,VES,1193.1,1030.0,feb23,824.0,1030.0,por_encima
S00214,75.0,[0075] SUPREMO API CI-4 SAE 15,2026-05-12,VES,VES,1334.22,1167.0,feb23,933.0,1167.0,por_encima
S00214,146.0,[0146] HIDRAGLOB AW/ISO 68 (Ta,2026-05-12,VES,VES,1157.7,998.0,feb23,799.0,998.0,por_encima
S00214,125.0,[0125] TRANSGLOB API GL-5 SAE ,2026-05-12,VES,VES,1317.4192,1195.0,feb23,956.0,1195.0,por_encima
S00366,25.0,[0025] SS EXTRA PROTECCION API,2026-05-12,USD,USD,49.9401,36.0,mar12,36.0,45.0,por_encima
S00365,605.0,[0605] SINOCO SAE 20W-50 (PAIL,2026-05-12,VES,VES,96.8837,,,,,producto_sin_lista
S00368,761.0,[0761] LIGA PARA FRENOS DOT-3 ,2026-05-12,Sin Pago,INDETERMINADA,35.9569,,,26.0,33.0,lista_indeterminada
S00368,880.0,[0880] CLASICO API SL SAE 15W-,2026-05-12,Sin Pago,INDETERMINADA,84.8981,,,62.0,78.0,lista_indeterminada
S00368,774.0,[0774] LIGA PARA FRENOS DOT-4 ,2026-05-12,Sin Pago,INDETERMINADA,63.9233,,,47.0,59.0,lista_indeterminada
S00368,792.0,[0792] REFRIGERANTE GLOBAL ROJ,2026-05-12,Sin Pago,INDETERMINADA,30.9928,,,24.0,29.0,lista_indeterminada
S00368,561.0,[0561] MEJORADOR DE OCTANAJE G,2026-05-12,Sin Pago,INDETERMINADA,50.9389,,,34.0,43.0,lista_indeterminada
S00368,93.0,[0093] ALTA CILINDRADA SS API ,2026-05-12,Sin Pago,INDETERMINADA,45.9449,,,34.0,42.0,lista_indeterminada
S00368,762.0,[0762] LIGA PARA FRENOS DOT-3 ,2026-05-12,Sin Pago,INDETERMINADA,55.9329,,,39.0,49.0,lista_indeterminada
S00368,881.0,[0881] CLASICO API SL SAE 20W-,2026-05-12,Sin Pago,INDETERMINADA,86.8957,,,63.0,79.0,lista_indeterminada
S00368,884.0,[0884] TRANSMATIC ATF DEXRON I,2026-05-12,Sin Pago,INDETERMINADA,95.8849,,,67.0,83.0,lista_indeterminada
S00368,878.0,[0878] SS EXTRA PROTECCION API,2026-05-12,Sin Pago,INDETERMINADA,99.8802,,,72.0,90.0,lista_indeterminada
S00368,877.0,[0877] SS EXTRA PROTECCION API,2026-05-12,Sin Pago,INDETERMINADA,99.8802,,,72.0,96.0,lista_indeterminada
S00368,789.0,[0789] REFRIGERANTE GLOBAL VER,2026-05-12,Sin Pago,INDETERMINADA,33.9593,,,24.0,29.0,lista_indeterminada
S00368,795.0,[0795] REFRIGERANTE GLOBAL ORA,2026-05-12,Sin Pago,INDETERMINADA,51.9377,,,34.0,43.0,lista_indeterminada
S00368,25.0,[0025] SS EXTRA PROTECCION API,2026-05-12,Sin Pago,INDETERMINADA,49.9401,,,36.0,45.0,lista_indeterminada
S00368,775.0,[0775] LIGA PARA FRENOS DOT-4 ,2026-05-12,Sin Pago,INDETERMINADA,41.9497,,,31.0,38.0,lista_indeterminada
S00369,877.0,[0877] SS EXTRA PROTECCION API,2026-05-12,USD,USD,65.52,72.0,mar12,72.0,96.0,por_debajo
S00370,75.0,[0075] SUPREMO API CI-4 SAE 15,2026-05-13,nan,INDETERMINADA,1249.1596,,,933.0,1167.0,lista_indeterminada
S00370,146.0,[0146] HIDRAGLOB AW/ISO 68 (Ta,2026-05-13,nan,INDETERMINADA,1084.0465,,,799.0,998.0,lista_indeterminada
S00370,85.0,[0085] MAXIMO API CF SAE 50 (T,2026-05-13,nan,INDETERMINADA,1116.4794,,,824.0,1030.0,lista_indeterminada
S00372,602.0,[0602] SINOCO SAE 50 (PAILA),2026-05-13,VES,VES,91.4019,,,,,producto_sin_lista
S00372,877.0,[0877] SS EXTRA PROTECCION API,2026-05-13,VES,VES,98.2816,96.0,feb23,72.0,96.0,por_encima
S00375,602.0,[0602] SINOCO SAE 50 (PAILA),2026-05-13,Sin Pago,INDETERMINADA,91.4019,,,,,lista_indeterminada
S00375,107.0,[0107] TRANSMATIC ATF DEXRON I,2026-05-13,Sin Pago,INDETERMINADA,123.8349,,,91.0,114.0,lista_indeterminada
S00373,127.0,[0127] TRANSGLOB API GL-5 SAE ,2026-05-13,USD,USD,52.0893,36.0,mar12,36.0,45.0,por_encima
S00373,779.0,[0779] SINOCO SAE 20W-50 (1x12,2026-05-13,USD,USD,68.7971,,,,,producto_sin_lista
S00373,884.0,[0884] TRANSMATIC ATF DEXRON I,2026-05-13,USD,USD,94.3504,67.0,mar12,67.0,83.0,por_encima
S00373,881.0,[0881] CLASICO API SL SAE 20W-,2026-05-13,USD,USD,85.505,63.0,mar12,63.0,79.0,por_encima
S00373,762.0,[0762] LIGA PARA FRENOS DOT-3 ,2026-05-13,USD,USD,55.0377,39.0,mar12,39.0,49.0,por_encima
S00373,121.0,[0121] TRANSGLOB API GL-5 SAE ,2026-05-13,USD,USD,51.1065,36.0,mar12,36.0,45.0,por_encima
S00376,887.0,[0887] MOTOCLASICO 4T SAE 20W-,2026-05-13,USD,USD,88.4535,66.0,mar12,66.0,82.0,por_encima
S00378,779.0,[0779] SINOCO SAE 20W-50 (1x12,2026-05-13,Sin Pago,INDETERMINADA,68.7971,,,,,lista_indeterminada
S00378,915.0,[0915] SINOCO SAE 50 (1x12),2026-05-13,Sin Pago,INDETERMINADA,67.8143,,,,,lista_indeterminada
S00379,605.0,[0605] SINOCO SAE 20W-50 (PAIL,2026-05-13,VES,VES,95.3332,,,,,producto_sin_lista
S00379,127.0,[0127] TRANSGLOB API GL-5 SAE ,2026-05-13,VES,VES,52.0893,45.0,feb23,36.0,45.0,por_encima
S00382,792.0,[0792] REFRIGERANTE GLOBAL ROJ,2026-05-13,VES,VES,30.4968,29.0,feb23,24.0,29.0,por_encima
S00382,877.0,[0877] SS EXTRA PROTECCION API,2026-05-13,VES,VES,98.2816,96.0,feb23,72.0,96.0,por_encima
S00381,887.0,[0887] MOTOCLASICO 4T SAE 20W-,2026-05-13,Sin Pago,INDETERMINADA,88.4535,,,66.0,82.0,lista_indeterminada
S00380,93.0,[0093] ALTA CILINDRADA SS API ,2026-05-13,USD,USD,45.2096,34.0,mar12,34.0,42.0,por_encima
S00380,761.0,[0761] LIGA PARA FRENOS DOT-3 ,2026-05-13,USD,USD,35.3814,26.0,mar12,26.0,33.0,por_encima
S00328,75.0,[0075] SUPREMO API CI-4 SAE 15,2026-05-13,USD,USD,1247.84,933.0,mar12,933.0,1167.0,por_encima
S00328,85.0,[0085] MAXIMO API CF SAE 50 (T,2026-05-13,USD,USD,1115.95,824.0,mar12,824.0,1030.0,por_encima
S00328,91.0,[0091] ENDUROGLOB 2T AIRE (Tam,2026-05-13,USD,USD,1335.66,,,,,producto_sin_lista
S00328,146.0,[0146] HIDRAGLOB AW/ISO 68 (Ta,2026-05-13,USD,USD,1082.33,799.0,mar12,799.0,998.0,por_encima
S00357,970.0,[0970] GRASA GLOBAL AT 250 AR-,2026-05-13,USD,USD,271.0,179.0,mar12,179.0,224.0,por_encima
S00384,93.0,[0093] ALTA CILINDRADA SS API ,2026-05-14,Sin Pago,INDETERMINADA,45.016,,,34.0,42.0,lista_indeterminada
S00385,602.0,[0602] SINOCO SAE 50 (PAILA),2026-05-14,nan,INDETERMINADA,96.82,,,,,lista_indeterminada
S00386,881.0,[0881] CLASICO API SL SAE 20W-,2026-05-14,Sin Pago,INDETERMINADA,86.21,,,63.0,79.0,lista_indeterminada
S00387,602.0,[0602] SINOCO SAE 50 (PAILA),2026-05-14,Sin Pago,INDETERMINADA,73.275,,,,,lista_indeterminada
S00389,602.0,[0602] SINOCO SAE 50 (PAILA),2026-05-14,Sin Pago,INDETERMINADA,73.275,,,,,lista_indeterminada
S00391,878.0,[0878] SS EXTRA PROTECCION API,2026-05-14,nan,INDETERMINADA,100.8,,,72.0,90.0,lista_indeterminada
S00388,761.0,[0761] LIGA PARA FRENOS DOT-3 ,2026-05-14,Sin Pago,INDETERMINADA,35.81,,,26.0,33.0,lista_indeterminada
S00388,605.0,[0605] SINOCO SAE 20W-50 (PAIL,2026-05-14,Sin Pago,INDETERMINADA,96.82,,,,,lista_indeterminada
S00392,878.0,[0878] SS EXTRA PROTECCION API,2026-05-14,Sin Pago,INDETERMINADA,100.8,,,72.0,90.0,lista_indeterminada
S00395,779.0,[0779] SINOCO SAE 20W-50 (1x12,2026-05-14,USD,USD,70.29,,,,,producto_sin_lista
S00394,605.0,[0605] SINOCO SAE 20W-50 (PAIL,2026-05-14,VES,VES,96.82,,,,,producto_sin_lista
S00394,877.0,[0877] SS EXTRA PROTECCION API,2026-05-14,VES,VES,100.8,96.0,feb23,72.0,96.0,por_encima
S00393,602.0,[0602] SINOCO SAE 50 (PAILA),2026-05-14,Sin Pago,INDETERMINADA,96.82,,,,,lista_indeterminada
S00393,779.0,[0779] SINOCO SAE 20W-50 (1x12,2026-05-14,Sin Pago,INDETERMINADA,70.29,,,,,lista_indeterminada
S00397,83.0,[0083] MAXIMO API CF SAE 50 (P,2026-05-15,USD,USD,112.73,81.0,mar12,81.0,102.0,por_encima
S00400,884.0,[0884] TRANSMATIC ATF DEXRON I,2026-05-15,VES,VES,95.49,83.0,feb23,67.0,83.0,por_encima
S00400,887.0,[0887] MOTOCLASICO 4T SAE 20W-,2026-05-15,VES,VES,90.19,82.0,feb23,66.0,82.0,por_encima
S00399,884.0,[0884] TRANSMATIC ATF DEXRON I,2026-05-15,Sin Pago,INDETERMINADA,95.49,,,67.0,83.0,lista_indeterminada
S00399,121.0,[0121] TRANSGLOB API GL-5 SAE ,2026-05-15,Sin Pago,INDETERMINADA,51.72,,,36.0,45.0,lista_indeterminada
S00399,915.0,[0915] SINOCO SAE 50 (1x12),2026-05-15,Sin Pago,INDETERMINADA,70.29,,,,,lista_indeterminada
S00398,915.0,[0915] SINOCO SAE 50 (1x12),2026-05-15,VES,VES,70.29,,,,,producto_sin_lista
S00398,779.0,[0779] SINOCO SAE 20W-50 (1x12,2026-05-15,VES,VES,70.29,,,,,producto_sin_lista
S00402,887.0,[0887] MOTOCLASICO 4T SAE 20W-,2026-05-15,USD,USD,90.19,66.0,mar12,66.0,82.0,por_encima
S00401,93.0,[0093] ALTA CILINDRADA SS API ,2026-05-15,USD,USD,46.42,34.0,mar12,34.0,42.0,por_encima
S00396,779.0,[0779] SINOCO SAE 20W-50 (1x12,2026-05-15,VES,VES,70.29,,,,,producto_sin_lista
S00396,915.0,[0915] SINOCO SAE 50 (1x12),2026-05-15,VES,VES,70.29,,,,,producto_sin_lista
S00404,887.0,[0887] MOTOCLASICO 4T SAE 20W-,2026-05-15,USD,USD,59.0,66.0,mar12,66.0,82.0,por_debajo
S00405,884.0,[0884] TRANSMATIC ATF DEXRON I,2026-05-18,USD,USD,95.49,67.0,mar12,67.0,83.0,por_encima
S00406,121.0,[0121] TRANSGLOB API GL-5 SAE ,2026-05-18,nan,INDETERMINADA,51.72,,,36.0,45.0,lista_indeterminada
S00406,915.0,[0915] SINOCO SAE 50 (1x12),2026-05-18,nan,INDETERMINADA,70.29,,,,,lista_indeterminada
S00406,884.0,[0884] TRANSMATIC ATF DEXRON I,2026-05-18,nan,INDETERMINADA,95.49,,,67.0,83.0,lista_indeterminada
S00407,602.0,[0602] SINOCO SAE 50 (PAILA),2026-05-18,USD,USD,96.82,,,,,producto_sin_lista
S00408,779.0,[0779] SINOCO SAE 20W-50 (1x12,2026-05-18,USD,USD,70.29,,,,,producto_sin_lista
S00408,884.0,[0884] TRANSMATIC ATF DEXRON I,2026-05-18,USD,USD,95.49,67.0,mar12,67.0,83.0,por_encima
S00291,83.0,[0083] MAXIMO API CF SAE 50 (P,2026-05-18,USD,USD,73.2759,81.0,mar12,81.0,102.0,por_debajo
S00291,144.0,[0144] HIDRAGLOB AW/ISO 68 (PA,2026-05-18,USD,USD,61.2069,73.0,mar12,73.0,91.0,por_debajo
S00409,83.0,[0083] MAXIMO API CF SAE 50 (P,2026-05-18,nan,INDETERMINADA,112.73,,,81.0,102.0,lista_indeterminada
S00410,881.0,[0881] CLASICO API SL SAE 20W-,2026-05-18,VES,VES,86.21,79.0,feb23,63.0,79.0,por_encima
S00410,878.0,[0878] SS EXTRA PROTECCION API,2026-05-18,VES,VES,100.8,90.0,feb23,72.0,90.0,por_encima
S00410,880.0,[0880] CLASICO API SL SAE 15W-,2026-05-18,VES,VES,86.21,78.0,feb23,62.0,78.0,por_encima
S00410,761.0,[0761] LIGA PARA FRENOS DOT-3 ,2026-05-18,VES,VES,35.81,33.0,feb23,26.0,33.0,por_encima
S00410,775.0,[0775] LIGA PARA FRENOS DOT-4 ,2026-05-18,VES,VES,41.11,38.0,feb23,31.0,38.0,por_encima
S00411,1041.0,[1041] SINOCO API CF/SF SAE 15,2026-05-19,USD,USD,104.77,,,,,producto_sin_lista
S00411,121.0,[0121] TRANSGLOB API GL-5 SAE ,2026-05-19,USD,USD,51.72,36.0,mar12,36.0,45.0,por_encima
S00411,884.0,[0884] TRANSMATIC ATF DEXRON I,2026-05-19,USD,USD,95.49,67.0,mar12,67.0,83.0,por_encima
S00411,779.0,[0779] SINOCO SAE 20W-50 (1x12,2026-05-19,USD,USD,70.29,,,,,producto_sin_lista
S00411,,Descuento ,2026-05-19,USD,USD,-51.3897,,,,,producto_sin_lista
S00411,602.0,[0602] SINOCO SAE 50 (PAILA),2026-05-19,USD,USD,96.82,,,,,producto_sin_lista
S00411,603.0,[0603] SINOCO SAE 50 (Tambor),2026-05-19,USD,USD,925.73,,,,,producto_sin_lista
S00412,795.0,[0795] REFRIGERANTE GLOBAL ORA,2026-05-19,USD,USD,33.6207,34.0,mar12,34.0,43.0,por_debajo
S00413,915.0,[0915] SINOCO SAE 50 (1x12),2026-05-19,USD,USD,70.29,,,,,producto_sin_lista
S00414,779.0,[0779] SINOCO SAE 20W-50 (1x12,2026-05-19,VES,VES,70.29,,,,,producto_sin_lista
S00414,775.0,[0775] LIGA PARA FRENOS DOT-4 ,2026-05-19,VES,VES,41.11,38.0,feb23,31.0,38.0,por_encima
S00414,880.0,[0880] CLASICO API SL SAE 15W-,2026-05-19,VES,VES,86.21,78.0,feb23,62.0,78.0,por_encima
S00416,880.0,[0880] CLASICO API SL SAE 15W-,2026-05-20,MIXTO,USD(mixto->Binance),86.21,62.0,mar12,62.0,78.0,por_encima
S00417,877.0,[0877] SS EXTRA PROTECCION API,2026-05-20,Sin Pago,INDETERMINADA,100.8,,,72.0,96.0,lista_indeterminada
S00418,915.0,[0915] SINOCO SAE 50 (1x12),2026-05-20,USD,USD,70.29,,,,,producto_sin_lista
S00419,602.0,[0602] SINOCO SAE 50 (PAILA),2026-05-20,USD,USD,96.82,,,,,producto_sin_lista
S00420,880.0,[0880] CLASICO API SL SAE 15W-,2026-05-20,Sin Pago,INDETERMINADA,86.21,,,62.0,78.0,lista_indeterminada
S00420,877.0,[0877] SS EXTRA PROTECCION API,2026-05-20,Sin Pago,INDETERMINADA,100.8,,,72.0,96.0,lista_indeterminada
S00420,878.0,[0878] SS EXTRA PROTECCION API,2026-05-20,Sin Pago,INDETERMINADA,100.8,,,72.0,90.0,lista_indeterminada
S00421,603.0,[0603] SINOCO SAE 50 (Tambor),2026-05-20,Sin Pago,INDETERMINADA,925.73,,,,,lista_indeterminada
S00423,789.0,[0789] REFRIGERANTE GLOBAL VER,2026-05-20,Sin Pago,INDETERMINADA,34.48,,,24.0,29.0,lista_indeterminada
S00423,878.0,[0878] SS EXTRA PROTECCION API,2026-05-20,Sin Pago,INDETERMINADA,100.8,,,72.0,90.0,lista_indeterminada
S00423,792.0,[0792] REFRIGERANTE GLOBAL ROJ,2026-05-20,Sin Pago,INDETERMINADA,34.48,,,24.0,29.0,lista_indeterminada
S00423,762.0,[0762] LIGA PARA FRENOS DOT-3 ,2026-05-20,Sin Pago,INDETERMINADA,57.03,,,39.0,49.0,lista_indeterminada
S00423,884.0,[0884] TRANSMATIC ATF DEXRON I,2026-05-20,Sin Pago,INDETERMINADA,95.49,,,67.0,83.0,lista_indeterminada
S00423,561.0,[0561] MEJORADOR DE OCTANAJE G,2026-05-20,Sin Pago,INDETERMINADA,51.72,,,34.0,43.0,lista_indeterminada
S00423,761.0,[0761] LIGA PARA FRENOS DOT-3 ,2026-05-20,Sin Pago,INDETERMINADA,35.81,,,26.0,33.0,lista_indeterminada
S00423,779.0,[0779] SINOCO SAE 20W-50 (1x12,2026-05-20,Sin Pago,INDETERMINADA,70.29,,,,,lista_indeterminada
S00423,775.0,[0775] LIGA PARA FRENOS DOT-4 ,2026-05-20,Sin Pago,INDETERMINADA,41.11,,,31.0,38.0,lista_indeterminada
S00423,877.0,[0877] SS EXTRA PROTECCION API,2026-05-20,Sin Pago,INDETERMINADA,100.8,,,72.0,96.0,lista_indeterminada
S00422,761.0,[0761] LIGA PARA FRENOS DOT-3 ,2026-05-20,USD,USD,35.81,26.0,mar12,26.0,33.0,por_encima
S00422,884.0,[0884] TRANSMATIC ATF DEXRON I,2026-05-20,USD,USD,95.49,67.0,mar12,67.0,83.0,por_encima
S00424,915.0,[0915] SINOCO SAE 50 (1x12),2026-05-20,VES,VES,70.29,,,,,producto_sin_lista
S00424,779.0,[0779] SINOCO SAE 20W-50 (1x12,2026-05-20,VES,VES,70.29,,,,,producto_sin_lista
S00425,877.0,[0877] SS EXTRA PROTECCION API,2026-05-20,USD,USD,100.8,72.0,mar12,72.0,96.0,por_encima
S00425,880.0,[0880] CLASICO API SL SAE 15W-,2026-05-20,USD,USD,86.21,62.0,mar12,62.0,78.0,por_encima
S00425,887.0,[0887] MOTOCLASICO 4T SAE 20W-,2026-05-20,USD,USD,90.19,66.0,mar12,66.0,82.0,por_encima
S00426,877.0,[0877] SS EXTRA PROTECCION API,2026-05-20,Sin Pago,INDETERMINADA,100.8,,,72.0,96.0,lista_indeterminada
S00428,880.0,[0880] CLASICO API SL SAE 15W-,2026-05-21,USD,USD,86.21,62.0,mar12,62.0,78.0,por_encima
S00428,877.0,[0877] SS EXTRA PROTECCION API,2026-05-21,USD,USD,100.8,72.0,mar12,72.0,96.0,por_encima
S00429,884.0,[0884] TRANSMATIC ATF DEXRON I,2026-05-21,USD,USD,95.49,67.0,mar12,67.0,83.0,por_encima
S00429,885.0,[0885] TRANSMATIC ATF MERCON V,2026-05-21,USD,USD,157.82,105.0,mar12,105.0,131.0,por_encima
S00429,795.0,[0795] REFRIGERANTE GLOBAL ORA,2026-05-21,USD,USD,51.72,34.0,mar12,34.0,43.0,por_encima
S00429,761.0,[0761] LIGA PARA FRENOS DOT-3 ,2026-05-21,USD,USD,35.81,26.0,mar12,26.0,33.0,por_encima
S00430,877.0,[0877] SS EXTRA PROTECCION API,2026-05-21,Sin Pago,INDETERMINADA,100.8,,,72.0,96.0,lista_indeterminada
S00430,121.0,[0121] TRANSGLOB API GL-5 SAE ,2026-05-21,Sin Pago,INDETERMINADA,51.72,,,36.0,45.0,lista_indeterminada
S00430,602.0,[0602] SINOCO SAE 50 (PAILA),2026-05-21,Sin Pago,INDETERMINADA,96.82,,,,,lista_indeterminada
S00430,884.0,[0884] TRANSMATIC ATF DEXRON I,2026-05-21,Sin Pago,INDETERMINADA,95.49,,,67.0,83.0,lista_indeterminada
S00430,605.0,[0605] SINOCO SAE 20W-50 (PAIL,2026-05-21,Sin Pago,INDETERMINADA,96.82,,,,,lista_indeterminada
S00430,779.0,[0779] SINOCO SAE 20W-50 (1x12,2026-05-21,Sin Pago,INDETERMINADA,70.29,,,,,lista_indeterminada
S00415,107.0,[0107] TRANSMATIC ATF DEXRON I,2026-05-21,Sin Pago,INDETERMINADA,125.99,,,91.0,114.0,lista_indeterminada
S00415,605.0,[0605] SINOCO SAE 20W-50 (PAIL,2026-05-21,Sin Pago,INDETERMINADA,96.82,,,,,lista_indeterminada
S00431,887.0,[0887] MOTOCLASICO 4T SAE 20W-,2026-05-21,VES,VES,90.19,82.0,feb23,66.0,82.0,por_encima
S00431,881.0,[0881] CLASICO API SL SAE 20W-,2026-05-21,VES,VES,86.21,79.0,feb23,63.0,79.0,por_encima
S00432,881.0,[0881] CLASICO API SL SAE 20W-,2026-05-22,Sin Pago,INDETERMINADA,85.6873,,,63.0,79.0,lista_indeterminada
S00434,887.0,[0887] MOTOCLASICO 4T SAE 20W-,2026-05-22,USD,USD,90.19,66.0,mar12,66.0,82.0,por_encima
S00433,877.0,[0877] SS EXTRA PROTECCION API,2026-05-22,USD,USD,100.8,72.0,mar12,72.0,96.0,por_encima
S00435,141.0,[0141] HIDRAGLOB AW/ISO 46 (Ta,2026-05-22,VES,VES,1232.1,1131.0,feb23,905.0,1131.0,por_encima
S00436,25.0,[0025] SS EXTRA PROTECCION API,2026-05-22,Sin Pago,INDETERMINADA,50.4,,,36.0,45.0,lista_indeterminada
S00437,87.0,[0087] ENDUROGLOB 2T AIRE (1x6,2026-05-22,Sin Pago,INDETERMINADA,50.4,,,33.0,41.0,lista_indeterminada
S00439,887.0,[0887] MOTOCLASICO 4T SAE 20W-,2026-05-25,USD,USD,90.19,66.0,mar12,66.0,82.0,por_encima
S00440,602.0,[0602] SINOCO SAE 50 (PAILA),2026-05-25,USD,USD,96.82,,,,,producto_sin_lista
S00441,73.0,[0073] SUPREMO API CI-4 SAE 15,2026-05-25,USD,USD,127.32,91.0,mar12,91.0,114.0,por_encima
S00441,107.0,[0107] TRANSMATIC ATF DEXRON I,2026-05-25,USD,USD,125.99,91.0,mar12,91.0,114.0,por_encima
S00441,123.0,[0123] TRANSGLOB API GL-5 SAE ,2026-05-25,USD,USD,123.34,89.0,mar12,89.0,112.0,por_encima
S00441,13.0,[0013] ELITE API SN SAE 5W-30 ,2026-05-25,USD,USD,72.94,46.0,mar12,46.0,58.0,por_encima
S00443,880.0,[0880] CLASICO API SL SAE 15W-,2026-05-25,VES,VES,86.21,78.0,feb23,62.0,78.0,por_encima
S00443,121.0,[0121] TRANSGLOB API GL-5 SAE ,2026-05-25,VES,VES,51.72,45.0,feb23,36.0,45.0,por_encima
S00427,146.0,[0146] HIDRAGLOB AW/ISO 68 (Ta,2026-05-26,VES,VES,1103.45,998.0,feb23,799.0,998.0,por_encima
S00427,75.0,[0075] SUPREMO API CI-4 SAE 15,2026-05-26,VES,VES,1271.88,1167.0,feb23,933.0,1167.0,por_encima
S00427,85.0,[0085] MAXIMO API CF SAE 50 (T,2026-05-26,VES,VES,1136.6,1030.0,feb23,824.0,1030.0,por_encima
S00445,883.0,[0883] GRASA GLOBAL AZUL AZ 95,2026-05-26,nan,INDETERMINADA,115.38,,,76.0,95.0,lista_indeterminada
S00445,882.0,[0882] GRASA MULTIPLE EP 200 (,2026-05-26,nan,INDETERMINADA,244.03,,,161.0,201.0,lista_indeterminada
S00444,13.0,[0013] ELITE API SN SAE 5W-30 ,2026-05-26,Sin Pago,INDETERMINADA,72.94,,,46.0,58.0,lista_indeterminada
S00448,73.0,[0073] SUPREMO API CI-4 SAE 15,2026-05-26,nan,INDETERMINADA,82.7586,,,91.0,114.0,lista_indeterminada
S00448,790.0,[0790] REFRIGERANTE GLOBAL VER,2026-05-26,nan,INDETERMINADA,46.5517,,,48.0,59.0,lista_indeterminada
S00449,603.0,[0603] SINOCO SAE 50 (Tambor),2026-05-26,USD,USD,925.73,,,,,producto_sin_lista
S00449,,Descuento ,2026-05-26,USD,USD,-53.8775,,,,,producto_sin_lista
S00446,884.0,[0884] TRANSMATIC ATF DEXRON I,2026-05-26,Sin Pago,INDETERMINADA,95.49,,,67.0,83.0,lista_indeterminada
S00452,73.0,[0073] SUPREMO API CI-4 SAE 15,2026-05-26,USD,USD,127.32,91.0,mar12,91.0,114.0,por_encima
S00452,796.0,[0796] REFRIGERANTE GLOBAL ORA,2026-05-26,USD,USD,100.8,67.0,mar12,67.0,83.0,por_encima
S00451,877.0,[0877] SS EXTRA PROTECCION API,2026-05-26,USD,USD,100.8,72.0,mar12,72.0,96.0,por_encima
S00451,83.0,[0083] MAXIMO API CF SAE 50 (P,2026-05-26,USD,USD,112.73,81.0,mar12,81.0,102.0,por_encima
S00447,139.0,[0139] HIDRAGLOB AW/ISO 46 (PA,2026-05-26,Sin Pago,INDETERMINADA,124.67,,,83.0,103.0,lista_indeterminada
S00454,792.0,[0792] REFRIGERANTE GLOBAL ROJ,2026-05-26,VES,VES,34.48,29.0,feb23,24.0,29.0,por_encima
S00456,779.0,[0779] SINOCO SAE 20W-50 (1x12,2026-05-26,Sin Pago,INDETERMINADA,70.29,,,,,lista_indeterminada
S00456,915.0,[0915] SINOCO SAE 50 (1x12),2026-05-26,Sin Pago,INDETERMINADA,70.29,,,,,lista_indeterminada
S00456,884.0,[0884] TRANSMATIC ATF DEXRON I,2026-05-26,Sin Pago,INDETERMINADA,95.49,,,67.0,83.0,lista_indeterminada
S00450,73.0,[0073] SUPREMO API CI-4 SAE 15,2026-05-27,Sin Pago,INDETERMINADA,82.7586,,,91.0,114.0,lista_indeterminada
S00450,93.0,[0093] ALTA CILINDRADA SS API ,2026-05-27,Sin Pago,INDETERMINADA,30.1724,,,34.0,42.0,lista_indeterminada
S00450,87.0,[0087] ENDUROGLOB 2T AIRE (1x6,2026-05-27,Sin Pago,INDETERMINADA,32.7586,,,33.0,41.0,lista_indeterminada
S00457,795.0,[0795] REFRIGERANTE GLOBAL ORA,2026-05-28,USD,USD,51.72,34.0,mar12,34.0,43.0,por_encima
S00457,73.0,[0073] SUPREMO API CI-4 SAE 15,2026-05-28,USD,USD,127.32,91.0,mar12,91.0,114.0,por_encima
S00459,242.0,[0242] FRIOGLOB ISO 68 (PAILA),2026-05-28,nan,INDETERMINADA,156.5,,,104.0,129.0,lista_indeterminada
S00460,725.0,[0725] AGUA DESMINERALIZADA,2026-05-28,nan,INDETERMINADA,23.87,,,16.0,20.0,lista_indeterminada
S00461,125.0,[0125] TRANSGLOB API GL-5 SAE ,2026-05-28,nan,INDETERMINADA,1319.63,,,956.0,1195.0,lista_indeterminada
S00461,73.0,[0073] SUPREMO API CI-4 SAE 15,2026-05-28,nan,INDETERMINADA,127.32,,,91.0,114.0,lista_indeterminada
S00461,797.0,[0797] REFRIGERANTE GLOBAL ORA,2026-05-28,nan,INDETERMINADA,856.76,,,629.0,786.0,lista_indeterminada
S00461,13.0,[0013] ELITE API SN SAE 5W-30 ,2026-05-28,nan,INDETERMINADA,72.94,,,46.0,58.0,lista_indeterminada
S00461,19.0,[0019] ELITE API SN SAE 5W-40 ,2026-05-28,nan,INDETERMINADA,72.94,,,46.0,58.0,lista_indeterminada
S00461,109.0,[0109] TRANSMATIC ATF DEXRON I,2026-05-28,nan,INDETERMINADA,1262.6,,,915.0,1143.0,lista_indeterminada
S00442,881.0,[0881] CLASICO API SL SAE 20W-,2026-05-28,Sin Pago,INDETERMINADA,86.21,,,63.0,79.0,lista_indeterminada
S00462,93.0,[0093] ALTA CILINDRADA SS API ,2026-05-28,Sin Pago,INDETERMINADA,46.42,,,34.0,42.0,lista_indeterminada
S00462,49.0,[0049] CLASICO API SL SAE 15W4,2026-05-28,Sin Pago,INDETERMINADA,2.2972,,,,,lista_indeterminada
S00462,887.0,[0887] MOTOCLASICO 4T SAE 20W-,2026-05-28,Sin Pago,INDETERMINADA,90.19,,,66.0,82.0,lista_indeterminada
S00464,,Descuento ,2026-05-28,Sin Pago,INDETERMINADA,-5.544,,,,,lista_indeterminada
S00464,887.0,[0887] MOTOCLASICO 4T SAE 20W-,2026-05-28,Sin Pago,INDETERMINADA,90.19,,,66.0,82.0,lista_indeterminada
S00464,877.0,[0877] SS EXTRA PROTECCION API,2026-05-28,Sin Pago,INDETERMINADA,100.8,,,72.0,96.0,lista_indeterminada
S00464,881.0,[0881] CLASICO API SL SAE 20W-,2026-05-28,Sin Pago,INDETERMINADA,86.21,,,63.0,79.0,lista_indeterminada
S00458,884.0,[0884] TRANSMATIC ATF DEXRON I,2026-05-29,Sin Pago,INDETERMINADA,95.49,,,67.0,83.0,lista_indeterminada
S00458,885.0,[0885] TRANSMATIC ATF MERCON V,2026-05-29,Sin Pago,INDETERMINADA,157.82,,,105.0,131.0,lista_indeterminada
S00458,83.0,[0083] MAXIMO API CF SAE 50 (P,2026-05-29,Sin Pago,INDETERMINADA,112.73,,,81.0,102.0,lista_indeterminada
S00458,144.0,[0144] HIDRAGLOB AW/ISO 68 (PA,2026-05-29,Sin Pago,INDETERMINADA,94.16,,,73.0,91.0,lista_indeterminada
S00458,1.0,[0001] ELITE API SP SAE 0W-20 ,2026-05-29,Sin Pago,INDETERMINADA,74.27,,,49.0,61.0,lista_indeterminada
S00458,877.0,[0877] SS EXTRA PROTECCION API,2026-05-29,Sin Pago,INDETERMINADA,100.8,,,72.0,96.0,lista_indeterminada
S00458,7.0,[0007] ELITE API SN SAE 5W-20 ,2026-05-29,Sin Pago,INDETERMINADA,72.94,,,46.0,58.0,lista_indeterminada
S00458,795.0,[0795] REFRIGERANTE GLOBAL ORA,2026-05-29,Sin Pago,INDETERMINADA,51.72,,,34.0,43.0,lista_indeterminada
S00458,792.0,[0792] REFRIGERANTE GLOBAL ROJ,2026-05-29,Sin Pago,INDETERMINADA,34.48,,,24.0,29.0,lista_indeterminada
S00458,789.0,[0789] REFRIGERANTE GLOBAL VER,2026-05-29,Sin Pago,INDETERMINADA,34.48,,,24.0,29.0,lista_indeterminada
S00458,774.0,[0774] LIGA PARA FRENOS DOT-4 ,2026-05-29,Sin Pago,INDETERMINADA,64.99,,,47.0,59.0,lista_indeterminada
S00458,73.0,[0073] SUPREMO API CI-4 SAE 15,2026-05-29,Sin Pago,INDETERMINADA,127.32,,,91.0,114.0,lista_indeterminada
S00458,25.0,[0025] SS EXTRA PROTECCION API,2026-05-29,Sin Pago,INDETERMINADA,50.4,,,36.0,45.0,lista_indeterminada
S00458,939.0,[0939] SUPREMO API CI-4 SAE 15,2026-05-29,Sin Pago,INDETERMINADA,122.02,,,80.0,100.0,lista_indeterminada
S00458,127.0,[0127] TRANSGLOB API GL-5 SAE ,2026-05-29,Sin Pago,INDETERMINADA,53.05,,,36.0,45.0,lista_indeterminada
S00458,940.0,[0940] MAXIMO API CF/SF SAE 50,2026-05-29,Sin Pago,INDETERMINADA,108.75,,,72.0,90.0,lista_indeterminada
S00458,938.0,[0938] CLASICO API SL SAE 20W-,2026-05-29,Sin Pago,INDETERMINADA,94.16,,,62.0,77.0,lista_indeterminada
S00458,880.0,[0880] CLASICO API SL SAE 15W-,2026-05-29,Sin Pago,INDETERMINADA,86.21,,,62.0,78.0,lista_indeterminada
S00458,878.0,[0878] SS EXTRA PROTECCION API,2026-05-29,Sin Pago,INDETERMINADA,100.8,,,72.0,90.0,lista_indeterminada
S00458,561.0,[0561] MEJORADOR DE OCTANAJE G,2026-05-29,Sin Pago,INDETERMINADA,51.72,,,34.0,43.0,lista_indeterminada
S00458,775.0,[0775] LIGA PARA FRENOS DOT-4 ,2026-05-29,Sin Pago,INDETERMINADA,41.11,,,31.0,38.0,lista_indeterminada
S00458,762.0,[0762] LIGA PARA FRENOS DOT-3 ,2026-05-29,Sin Pago,INDETERMINADA,57.03,,,39.0,49.0,lista_indeterminada
S00458,761.0,[0761] LIGA PARA FRENOS DOT-3 ,2026-05-29,Sin Pago,INDETERMINADA,35.81,,,26.0,33.0,lista_indeterminada
S00458,121.0,[0121] TRANSGLOB API GL-5 SAE ,2026-05-29,Sin Pago,INDETERMINADA,51.72,,,36.0,45.0,lista_indeterminada
S00458,473.0,[0473] SS EXTRA PROTECCION API,2026-05-29,Sin Pago,INDETERMINADA,55.7,,,37.0,46.0,lista_indeterminada
S00458,886.0,[0886] TRANSMATIC DEXRON VI (1,2026-05-29,Sin Pago,INDETERMINADA,157.82,,,105.0,131.0,lista_indeterminada
S00458,881.0,[0881] CLASICO API SL SAE 20W-,2026-05-29,Sin Pago,INDETERMINADA,86.21,,,63.0,79.0,lista_indeterminada
S00458,93.0,[0093] ALTA CILINDRADA SS API ,2026-05-29,Sin Pago,INDETERMINADA,46.42,,,34.0,42.0,lista_indeterminada
S00458,888.0,[0888] ENDUROGLOB 2T AIRE (1x1,2026-05-29,Sin Pago,INDETERMINADA,99.47,,,66.0,82.0,lista_indeterminada
S00458,19.0,[0019] ELITE API SN SAE 5W-40 ,2026-05-29,Sin Pago,INDETERMINADA,72.94,,,46.0,58.0,lista_indeterminada
S00458,13.0,[0013] ELITE API SN SAE 5W-30 ,2026-05-29,Sin Pago,INDETERMINADA,72.94,,,46.0,58.0,lista_indeterminada
S00458,937.0,[0937] SS EXTRA PROTECCION API,2026-05-29,Sin Pago,INDETERMINADA,104.77,,,69.0,87.0,lista_indeterminada
S00465,884.0,[0884] TRANSMATIC ATF DEXRON I,2026-05-29,Sin Pago,INDETERMINADA,95.49,,,67.0,83.0,lista_indeterminada
S00465,1.0,[0001] ELITE API SP SAE 0W-20 ,2026-05-29,Sin Pago,INDETERMINADA,74.27,,,49.0,61.0,lista_indeterminada
S00466,779.0,[0779] SINOCO SAE 20W-50 (1x12,2026-05-29,USD,USD,70.29,,,,,producto_sin_lista
S00469,878.0,[0878] SS EXTRA PROTECCION API,2026-06-01,Sin Pago,INDETERMINADA,100.8,,,72.0,90.0,lista_indeterminada
S00469,881.0,[0881] CLASICO API SL SAE 20W-,2026-06-01,Sin Pago,INDETERMINADA,86.21,,,63.0,79.0,lista_indeterminada
S00468,761.0,[0761] LIGA PARA FRENOS DOT-3 ,2026-06-01,Sin Pago,INDETERMINADA,35.81,,,26.0,33.0,lista_indeterminada
S00468,792.0,[0792] REFRIGERANTE GLOBAL ROJ,2026-06-01,Sin Pago,INDETERMINADA,34.48,,,24.0,29.0,lista_indeterminada
S00468,25.0,[0025] SS EXTRA PROTECCION API,2026-06-01,Sin Pago,INDETERMINADA,50.4,,,36.0,45.0,lista_indeterminada
S00468,13.0,[0013] ELITE API SN SAE 5W-30 ,2026-06-01,Sin Pago,INDETERMINADA,72.94,,,46.0,58.0,lista_indeterminada
S00468,881.0,[0881] CLASICO API SL SAE 20W-,2026-06-01,Sin Pago,INDETERMINADA,86.21,,,63.0,79.0,lista_indeterminada
S00468,1.0,[0001] ELITE API SP SAE 0W-20 ,2026-06-01,Sin Pago,INDETERMINADA,74.27,,,49.0,61.0,lista_indeterminada
S00468,877.0,[0877] SS EXTRA PROTECCION API,2026-06-01,Sin Pago,INDETERMINADA,100.8,,,72.0,96.0,lista_indeterminada
S00467,888.0,[0888] ENDUROGLOB 2T AIRE (1x1,2026-06-01,USD,USD,99.47,66.0,mar12,66.0,82.0,por_encima
S00472,779.0,[0779] SINOCO SAE 20W-50 (1x12,2026-06-01,VES,VES,70.29,,,,,producto_sin_lista
S00472,915.0,[0915] SINOCO SAE 50 (1x12),2026-06-01,VES,VES,70.29,,,,,producto_sin_lista
S00471,83.0,[0083] MAXIMO API CF SAE 50 (P,2026-06-01,VES,VES,112.73,102.0,feb23,81.0,102.0,por_encima
S00475,779.0,[0779] SINOCO SAE 20W-50 (1x12,2026-06-01,USD,USD,70.29,,,,,producto_sin_lista
S00474,774.0,[0774] LIGA PARA FRENOS DOT-4 ,2026-06-01,Sin Pago,INDETERMINADA,64.99,,,47.0,59.0,lista_indeterminada
S00473,605.0,[0605] SINOCO SAE 20W-50 (PAIL,2026-06-01,Sin Pago,INDETERMINADA,96.82,,,,,lista_indeterminada
S00476,25.0,[0025] SS EXTRA PROTECCION API,2026-06-01,Sin Pago,INDETERMINADA,50.4,,,36.0,45.0,lista_indeterminada
S00476,878.0,[0878] SS EXTRA PROTECCION API,2026-06-01,Sin Pago,INDETERMINADA,100.8,,,72.0,90.0,lista_indeterminada
S00476,13.0,[0013] ELITE API SN SAE 5W-30 ,2026-06-01,Sin Pago,INDETERMINADA,72.94,,,46.0,58.0,lista_indeterminada
S00477,884.0,[0884] TRANSMATIC ATF DEXRON I,2026-06-01,Sin Pago,INDETERMINADA,95.49,,,67.0,83.0,lista_indeterminada
S00477,877.0,[0877] SS EXTRA PROTECCION API,2026-06-01,Sin Pago,INDETERMINADA,100.8,,,72.0,96.0,lista_indeterminada
S00478,877.0,[0877] SS EXTRA PROTECCION API,2026-06-02,Sin Pago,INDETERMINADA,100.8,,,72.0,96.0,lista_indeterminada
S00480,877.0,[0877] SS EXTRA PROTECCION API,2026-06-02,nan,INDETERMINADA,100.8,,,72.0,96.0,lista_indeterminada
S00479,1035.0,[1035] SINOCO HIDRAULICO ISO 6,2026-06-02,Sin Pago,INDETERMINADA,86.21,,,,,lista_indeterminada
S00479,880.0,[0880] CLASICO API SL SAE 15W-,2026-06-02,Sin Pago,INDETERMINADA,86.21,,,62.0,78.0,lista_indeterminada
S00479,887.0,[0887] MOTOCLASICO 4T SAE 20W-,2026-06-02,Sin Pago,INDETERMINADA,90.19,,,66.0,82.0,lista_indeterminada
S00479,762.0,[0762] LIGA PARA FRENOS DOT-3 ,2026-06-02,Sin Pago,INDETERMINADA,57.03,,,39.0,49.0,lista_indeterminada
S00479,761.0,[0761] LIGA PARA FRENOS DOT-3 ,2026-06-02,Sin Pago,INDETERMINADA,35.81,,,26.0,33.0,lista_indeterminada
S00479,605.0,[0605] SINOCO SAE 20W-50 (PAIL,2026-06-02,Sin Pago,INDETERMINADA,96.82,,,,,lista_indeterminada
S00479,779.0,[0779] SINOCO SAE 20W-50 (1x12,2026-06-02,Sin Pago,INDETERMINADA,70.29,,,,,lista_indeterminada
S00479,602.0,[0602] SINOCO SAE 50 (PAILA),2026-06-02,Sin Pago,INDETERMINADA,96.82,,,,,lista_indeterminada
S00479,877.0,[0877] SS EXTRA PROTECCION API,2026-06-02,Sin Pago,INDETERMINADA,100.8,,,72.0,96.0,lista_indeterminada
S00482,603.0,[0603] SINOCO SAE 50 (Tambor),2026-06-02,Sin Pago,INDETERMINADA,925.73,,,,,lista_indeterminada
S00484,25.0,[0025] SS EXTRA PROTECCION API,2026-06-02,Sin Pago,INDETERMINADA,50.4,,,36.0,45.0,lista_indeterminada
S00483,878.0,[0878] SS EXTRA PROTECCION API,2026-06-02,Sin Pago,INDETERMINADA,100.8,,,72.0,90.0,lista_indeterminada
S00485,877.0,[0877] SS EXTRA PROTECCION API,2026-06-02,Sin Pago,INDETERMINADA,100.8,,,72.0,96.0,lista_indeterminada
S00470,797.0,[0797] REFRIGERANTE GLOBAL ORA,2026-06-03,Sin Pago,INDETERMINADA,856.76,,,629.0,786.0,lista_indeterminada
S00486,877.0,[0877] SS EXTRA PROTECCION API,2026-06-03,Sin Pago,INDETERMINADA,100.8,,,72.0,96.0,lista_indeterminada
S00487,141.0,[0141] HIDRAGLOB AW/ISO 46 (Ta,2026-06-03,nan,INDETERMINADA,1232.1,,,905.0,1131.0,lista_indeterminada
S00488,605.0,[0605] SINOCO SAE 20W-50 (PAIL,2026-06-03,Sin Pago,INDETERMINADA,96.82,,,,,lista_indeterminada
S00488,779.0,[0779] SINOCO SAE 20W-50 (1x12,2026-06-03,Sin Pago,INDETERMINADA,70.29,,,,,lista_indeterminada
S00488,887.0,[0887] MOTOCLASICO 4T SAE 20W-,2026-06-03,Sin Pago,INDETERMINADA,90.19,,,66.0,82.0,lista_indeterminada
S00489,877.0,[0877] SS EXTRA PROTECCION API,2026-06-03,VES,VES,100.8,96.0,feb23,72.0,96.0,por_encima
S00489,887.0,[0887] MOTOCLASICO 4T SAE 20W-,2026-06-03,VES,VES,90.19,82.0,feb23,66.0,82.0,por_encima
S00489,761.0,[0761] LIGA PARA FRENOS DOT-3 ,2026-06-03,VES,VES,35.81,33.0,feb23,26.0,33.0,por_encima
S00489,779.0,[0779] SINOCO SAE 20W-50 (1x12,2026-06-03,VES,VES,70.29,,,,,producto_sin_lista
S00489,881.0,[0881] CLASICO API SL SAE 20W-,2026-06-03,VES,VES,86.21,79.0,feb23,63.0,79.0,por_encima
S00491,602.0,[0602] SINOCO SAE 50 (PAILA),2026-06-03,Sin Pago,INDETERMINADA,96.82,,,,,lista_indeterminada
S00491,877.0,[0877] SS EXTRA PROTECCION API,2026-06-03,Sin Pago,INDETERMINADA,100.8,,,72.0,96.0,lista_indeterminada
S00491,878.0,[0878] SS EXTRA PROTECCION API,2026-06-03,Sin Pago,INDETERMINADA,100.8,,,72.0,90.0,lista_indeterminada
S00491,761.0,[0761] LIGA PARA FRENOS DOT-3 ,2026-06-03,Sin Pago,INDETERMINADA,35.81,,,26.0,33.0,lista_indeterminada
S00490,877.0,[0877] SS EXTRA PROTECCION API,2026-06-03,Sin Pago,INDETERMINADA,100.8,,,72.0,96.0,lista_indeterminada
S00492,602.0,[0602] SINOCO SAE 50 (PAILA),2026-06-03,USD,USD,96.82,,,,,producto_sin_lista
S00493,561.0,[0561] MEJORADOR DE OCTANAJE G,2026-06-03,Sin Pago,INDETERMINADA,51.72,,,34.0,43.0,lista_indeterminada
S00494,881.0,[0881] CLASICO API SL SAE 20W-,2026-06-03,Sin Pago,INDETERMINADA,86.21,,,63.0,79.0,lista_indeterminada
S00494,877.0,[0877] SS EXTRA PROTECCION API,2026-06-03,Sin Pago,INDETERMINADA,100.8,,,72.0,96.0,lista_indeterminada
S00495,792.0,[0792] REFRIGERANTE GLOBAL ROJ,2026-06-04,Sin Pago,INDETERMINADA,34.48,,,24.0,29.0,lista_indeterminada
S00496,144.0,[0144] HIDRAGLOB AW/ISO 68 (PA,2026-06-04,Sin Pago,INDETERMINADA,94.16,,,73.0,91.0,lista_indeterminada
S00500,881.0,[0881] CLASICO API SL SAE 20W-,2026-06-04,Sin Pago,INDETERMINADA,56.0345,,,63.0,79.0,lista_indeterminada
S00499,779.0,[0779] SINOCO SAE 20W-50 (1x12,2026-06-04,Sin Pago,INDETERMINADA,70.29,,,,,lista_indeterminada
S00497,884.0,[0884] TRANSMATIC ATF DEXRON I,2026-06-04,Sin Pago,INDETERMINADA,95.49,,,67.0,83.0,lista_indeterminada
S00497,881.0,[0881] CLASICO API SL SAE 20W-,2026-06-04,Sin Pago,INDETERMINADA,86.21,,,63.0,79.0,lista_indeterminada
S00497,761.0,[0761] LIGA PARA FRENOS DOT-3 ,2026-06-04,Sin Pago,INDETERMINADA,35.81,,,26.0,33.0,lista_indeterminada
S00497,877.0,[0877] SS EXTRA PROTECCION API,2026-06-04,Sin Pago,INDETERMINADA,100.8,,,72.0,96.0,lista_indeterminada
S00502,878.0,[0878] SS EXTRA PROTECCION API,2026-06-04,USD,USD,100.8,72.0,mar12,72.0,90.0,por_encima
S00503,877.0,[0877] SS EXTRA PROTECCION API,2026-06-04,VES,VES,100.8,96.0,feb23,72.0,96.0,por_encima
S00501,1041.0,[1041] SINOCO API CF/SF SAE 15,2026-06-04,Sin Pago,INDETERMINADA,104.77,,,,,lista_indeterminada
S00504,1035.0,[1035] SINOCO HIDRAULICO ISO 6,2026-06-04,nan,INDETERMINADA,86.21,,,,,lista_indeterminada
S00504,1041.0,[1041] SINOCO API CF/SF SAE 15,2026-06-04,nan,INDETERMINADA,104.77,,,,,lista_indeterminada
S00504,602.0,[0602] SINOCO SAE 50 (PAILA),2026-06-04,nan,INDETERMINADA,96.82,,,,,lista_indeterminada
S00507,887.0,[0887] MOTOCLASICO 4T SAE 20W-,2026-06-04,VES,VES,90.19,82.0,feb23,66.0,82.0,por_encima
S00507,93.0,[0093] ALTA CILINDRADA SS API ,2026-06-04,VES,VES,46.42,42.0,feb23,34.0,42.0,por_encima
S00505,774.0,[0774] LIGA PARA FRENOS DOT-4 ,2026-06-04,Sin Pago,INDETERMINADA,64.99,,,47.0,59.0,lista_indeterminada
S00508,779.0,[0779] SINOCO SAE 20W-50 (1x12,2026-06-05,Sin Pago,INDETERMINADA,70.29,,,,,lista_indeterminada
S00508,605.0,[0605] SINOCO SAE 20W-50 (PAIL,2026-06-05,Sin Pago,INDETERMINADA,96.82,,,,,lista_indeterminada
S00506,877.0,[0877] SS EXTRA PROTECCION API,2026-06-05,USD,USD,65.5172,72.0,mar12,72.0,96.0,por_debajo
S00509,602.0,[0602] SINOCO SAE 50 (PAILA),2026-06-05,Sin Pago,INDETERMINADA,62.93,,,,,lista_indeterminada
S00510,880.0,[0880] CLASICO API SL SAE 15W-,2026-06-05,Sin Pago,INDETERMINADA,86.21,,,62.0,78.0,lista_indeterminada
S00511,605.0,[0605] SINOCO SAE 20W-50 (PAIL,2026-06-05,Sin Pago,INDETERMINADA,96.82,,,,,lista_indeterminada
S00511,602.0,[0602] SINOCO SAE 50 (PAILA),2026-06-05,Sin Pago,INDETERMINADA,96.82,,,,,lista_indeterminada
S00511,779.0,[0779] SINOCO SAE 20W-50 (1x12,2026-06-05,Sin Pago,INDETERMINADA,70.29,,,,,lista_indeterminada
S00511,885.0,[0885] TRANSMATIC ATF MERCON V,2026-06-05,Sin Pago,INDETERMINADA,157.82,,,105.0,131.0,lista_indeterminada
S00511,761.0,[0761] LIGA PARA FRENOS DOT-3 ,2026-06-05,Sin Pago,INDETERMINADA,35.81,,,26.0,33.0,lista_indeterminada
S00511,915.0,[0915] SINOCO SAE 50 (1x12),2026-06-05,Sin Pago,INDETERMINADA,70.29,,,,,lista_indeterminada
S00511,121.0,[0121] TRANSGLOB API GL-5 SAE ,2026-06-05,Sin Pago,INDETERMINADA,51.72,,,36.0,45.0,lista_indeterminada
S00511,603.0,[0603] SINOCO SAE 50 (Tambor),2026-06-05,Sin Pago,INDETERMINADA,925.73,,,,,lista_indeterminada
S00511,127.0,[0127] TRANSGLOB API GL-5 SAE ,2026-06-05,Sin Pago,INDETERMINADA,53.05,,,36.0,45.0,lista_indeterminada
S00512,884.0,[0884] TRANSMATIC ATF DEXRON I,2026-06-05,Sin Pago,INDETERMINADA,95.49,,,67.0,83.0,lista_indeterminada
S00513,877.0,[0877] SS EXTRA PROTECCION API,2026-06-05,USD,USD,65.5172,72.0,mar12,72.0,96.0,por_debajo
S00514,121.0,[0121] TRANSGLOB API GL-5 SAE ,2026-06-05,Sin Pago,INDETERMINADA,51.72,,,36.0,45.0,lista_indeterminada
S00515,887.0,[0887] MOTOCLASICO 4T SAE 20W-,2026-06-05,Sin Pago,INDETERMINADA,90.19,,,66.0,82.0,lista_indeterminada
S00515,13.0,[0013] ELITE API SN SAE 5W-30 ,2026-06-05,Sin Pago,INDETERMINADA,72.94,,,46.0,58.0,lista_indeterminada
S00515,884.0,[0884] TRANSMATIC ATF DEXRON I,2026-06-05,Sin Pago,INDETERMINADA,95.49,,,67.0,83.0,lista_indeterminada
S00515,561.0,[0561] MEJORADOR DE OCTANAJE G,2026-06-05,Sin Pago,INDETERMINADA,51.72,,,34.0,43.0,lista_indeterminada
S00516,887.0,[0887] MOTOCLASICO 4T SAE 20W-,2026-06-05,Sin Pago,INDETERMINADA,90.19,,,66.0,82.0,lista_indeterminada
S00516,877.0,[0877] SS EXTRA PROTECCION API,2026-06-05,Sin Pago,INDETERMINADA,100.8,,,72.0,96.0,lista_indeterminada
S00518,779.0,[0779] SINOCO SAE 20W-50 (1x12,2026-06-08,USD,USD,70.29,,,,,producto_sin_lista
S00517,25.0,[0025] SS EXTRA PROTECCION API,2026-06-08,Sin Pago,INDETERMINADA,50.4,,,36.0,45.0,lista_indeterminada
S00520,877.0,[0877] SS EXTRA PROTECCION API,2026-06-08,Sin Pago,INDETERMINADA,100.8,,,72.0,96.0,lista_indeterminada
S00520,,Descuento ,2026-06-08,Sin Pago,INDETERMINADA,-4.0584,,,,,lista_indeterminada
S00520,789.0,[0789] REFRIGERANTE GLOBAL VER,2026-06-08,Sin Pago,INDETERMINADA,34.48,,,24.0,29.0,lista_indeterminada
S00522,141.0,[0141] HIDRAGLOB AW/ISO 46 (Ta,2026-06-08,Sin Pago,INDETERMINADA,1232.1,,,905.0,1131.0,lista_indeterminada
S00524,881.0,[0881] CLASICO API SL SAE 20W-,2026-06-09,nan,INDETERMINADA,85.5428,,,63.0,79.0,lista_indeterminada
S00525,881.0,[0881] CLASICO API SL SAE 20W-,2026-06-09,USD,USD,85.5428,63.0,mar12,63.0,79.0,por_encima
S00523,881.0,[0881] CLASICO API SL SAE 20W-,2026-06-09,Sin Pago,INDETERMINADA,85.5428,,,63.0,79.0,lista_indeterminada
S00523,602.0,[0602] SINOCO SAE 50 (PAILA),2026-06-09,Sin Pago,INDETERMINADA,96.0707,,,,,lista_indeterminada
S00523,605.0,[0605] SINOCO SAE 20W-50 (PAIL,2026-06-09,Sin Pago,INDETERMINADA,96.0707,,,,,lista_indeterminada
S00523,880.0,[0880] CLASICO API SL SAE 15W-,2026-06-09,Sin Pago,INDETERMINADA,85.5428,,,62.0,78.0,lista_indeterminada
S00526,25.0,[0025] SS EXTRA PROTECCION API,2026-06-09,Sin Pago,INDETERMINADA,50.0099,,,36.0,45.0,lista_indeterminada
S00528,7.0,[0007] ELITE API SN SAE 5W-20 ,2026-06-09,Sin Pago,INDETERMINADA,47.4138,,,46.0,58.0,lista_indeterminada
S00519,603.0,[0603] SINOCO SAE 50 (Tambor),2026-06-09,Sin Pago,INDETERMINADA,925.73,,,,,lista_indeterminada
S00519,779.0,[0779] SINOCO SAE 20W-50 (1x12,2026-06-09,Sin Pago,INDETERMINADA,70.29,,,,,lista_indeterminada
S00519,605.0,[0605] SINOCO SAE 20W-50 (PAIL,2026-06-09,Sin Pago,INDETERMINADA,96.82,,,,,lista_indeterminada
S00529,887.0,[0887] MOTOCLASICO 4T SAE 20W-,2026-06-09,Sin Pago,INDETERMINADA,89.492,,,66.0,82.0,lista_indeterminada
S00530,775.0,[0775] LIGA PARA FRENOS DOT-4 ,2026-06-09,Sin Pago,INDETERMINADA,40.7918,,,31.0,38.0,lista_indeterminada
S00530,602.0,[0602] SINOCO SAE 50 (PAILA),2026-06-09,Sin Pago,INDETERMINADA,96.0707,,,,,lista_indeterminada
S00530,605.0,[0605] SINOCO SAE 20W-50 (PAIL,2026-06-09,Sin Pago,INDETERMINADA,96.0707,,,,,lista_indeterminada
S00530,761.0,[0761] LIGA PARA FRENOS DOT-3 ,2026-06-09,Sin Pago,INDETERMINADA,35.5328,,,26.0,33.0,lista_indeterminada
S00531,887.0,[0887] MOTOCLASICO 4T SAE 20W-,2026-06-09,Sin Pago,INDETERMINADA,89.492,,,66.0,82.0,lista_indeterminada
S00533,915.0,[0915] SINOCO SAE 50 (1x12),2026-06-10,Sin Pago,INDETERMINADA,69.1376,,,,,lista_indeterminada
S00533,779.0,[0779] SINOCO SAE 20W-50 (1x12,2026-06-10,Sin Pago,INDETERMINADA,69.1376,,,,,lista_indeterminada
S00534,877.0,[0877] SS EXTRA PROTECCION API,2026-06-10,Sin Pago,INDETERMINADA,99.1474,,,72.0,96.0,lista_indeterminada
S00532,792.0,[0792] REFRIGERANTE GLOBAL ROJ,2026-06-10,Sin Pago,INDETERMINADA,33.3322,,,24.0,29.0,lista_indeterminada
S00532,93.0,[0093] ALTA CILINDRADA SS API ,2026-06-10,Sin Pago,INDETERMINADA,44.8747,,,34.0,42.0,lista_indeterminada
S00532,888.0,[0888] ENDUROGLOB 2T AIRE (1x1,2026-06-10,Sin Pago,INDETERMINADA,98.7001,,,66.0,82.0,lista_indeterminada
S00532,877.0,[0877] SS EXTRA PROTECCION API,2026-06-10,Sin Pago,INDETERMINADA,97.4445,,,72.0,96.0,lista_indeterminada
S00532,774.0,[0774] LIGA PARA FRENOS DOT-4 ,2026-06-10,Sin Pago,INDETERMINADA,64.487,,,47.0,59.0,lista_indeterminada
S00532,762.0,[0762] LIGA PARA FRENOS DOT-3 ,2026-06-10,Sin Pago,INDETERMINADA,56.5886,,,39.0,49.0,lista_indeterminada
S00532,795.0,[0795] REFRIGERANTE GLOBAL ORA,2026-06-10,Sin Pago,INDETERMINADA,49.9983,,,34.0,43.0,lista_indeterminada
S00532,884.0,[0884] TRANSMATIC ATF DEXRON I,2026-06-10,Sin Pago,INDETERMINADA,94.751,,,67.0,83.0,lista_indeterminada
S00532,761.0,[0761] LIGA PARA FRENOS DOT-3 ,2026-06-10,Sin Pago,INDETERMINADA,35.5328,,,26.0,33.0,lista_indeterminada
S00532,789.0,[0789] REFRIGERANTE GLOBAL VER,2026-06-10,Sin Pago,INDETERMINADA,33.3322,,,24.0,29.0,lista_indeterminada
S00532,775.0,[0775] LIGA PARA FRENOS DOT-4 ,2026-06-10,Sin Pago,INDETERMINADA,40.7918,,,31.0,38.0,lista_indeterminada
S00532,887.0,[0887] MOTOCLASICO 4T SAE 20W-,2026-06-10,Sin Pago,INDETERMINADA,87.1877,,,66.0,82.0,lista_indeterminada
S00532,881.0,[0881] CLASICO API SL SAE 20W-,2026-06-10,Sin Pago,INDETERMINADA,83.3402,,,63.0,79.0,lista_indeterminada
S00537,779.0,[0779] SINOCO SAE 20W-50 (1x12,2026-06-10,Sin Pago,INDETERMINADA,69.1376,,,,,lista_indeterminada
S00537,915.0,[0915] SINOCO SAE 50 (1x12),2026-06-10,Sin Pago,INDETERMINADA,69.1376,,,,,lista_indeterminada
S00536,887.0,[0887] MOTOCLASICO 4T SAE 20W-,2026-06-10,Sin Pago,INDETERMINADA,88.7113,,,66.0,82.0,lista_indeterminada
S00535,877.0,[0877] SS EXTRA PROTECCION API,2026-06-10,Sin Pago,INDETERMINADA,99.1474,,,72.0,96.0,lista_indeterminada
S00535,602.0,[0602] SINOCO SAE 50 (PAILA),2026-06-10,Sin Pago,INDETERMINADA,95.2326,,,,,lista_indeterminada
S00540,774.0,[0774] LIGA PARA FRENOS DOT-4 ,2026-06-10,VES,VES,63.9245,59.0,feb23,47.0,59.0,por_encima
S00540,877.0,[0877] SS EXTRA PROTECCION API,2026-06-10,VES,VES,99.1474,96.0,feb23,72.0,96.0,por_encima
S00540,884.0,[0884] TRANSMATIC ATF DEXRON I,2026-06-10,VES,VES,93.9244,83.0,feb23,67.0,83.0,por_encima
S00539,602.0,[0602] SINOCO SAE 50 (PAILA),2026-06-10,Sin Pago,INDETERMINADA,95.2326,,,,,lista_indeterminada
S00538,884.0,[0884] TRANSMATIC ATF DEXRON I,2026-06-10,MIXTO,USD(mixto->Binance),93.9244,67.0,mar12,67.0,83.0,por_encima
S00538,163.0,[0163] CARIBE FUERA DE BORDA T,2026-06-10,MIXTO,USD(mixto->Binance),48.2655,33.0,mar12,33.0,41.0,por_encima
S00538,885.0,[0885] TRANSMATIC ATF MERCON V,2026-06-10,MIXTO,USD(mixto->Binance),155.2325,105.0,mar12,105.0,131.0,por_encima
S00541,761.0,[0761] LIGA PARA FRENOS DOT-3 ,2026-06-10,Sin Pago,INDETERMINADA,35.2229,,,26.0,33.0,lista_indeterminada
S00541,887.0,[0887] MOTOCLASICO 4T SAE 20W-,2026-06-10,Sin Pago,INDETERMINADA,88.7113,,,66.0,82.0,lista_indeterminada
S00542,603.0,[0603] SINOCO SAE 50 (Tambor),2026-06-10,USD,USD,910.5524,,,,,producto_sin_lista
S00542,,Descuento ,2026-06-10,USD,USD,-54.6331,,,,,producto_sin_lista
S00543,779.0,[0779] SINOCO SAE 20W-50 (1x12,2026-06-10,Sin Pago,INDETERMINADA,69.1376,,,,,lista_indeterminada
S00544,884.0,[0884] TRANSMATIC ATF DEXRON I,2026-06-10,Sin Pago,INDETERMINADA,93.9244,,,67.0,83.0,lista_indeterminada
S00544,877.0,[0877] SS EXTRA PROTECCION API,2026-06-10,Sin Pago,INDETERMINADA,99.1474,,,72.0,96.0,lista_indeterminada
S00545,121.0,[0121] TRANSGLOB API GL-5 SAE ,2026-06-10,Sin Pago,INDETERMINADA,50.872,,,36.0,45.0,lista_indeterminada
S00546,337.0,[0337] GLOBAL SOLUBLE ACEITE E,2026-06-11,Sin Pago,INDETERMINADA,175.9175,,,132.0,165.0,lista_indeterminada
S00546,1035.0,[1035] SINOCO HIDRAULICO ISO 6,2026-06-11,Sin Pago,INDETERMINADA,84.0819,,,,,lista_indeterminada
S00547,877.0,[0877] SS EXTRA PROTECCION API,2026-06-11,Sin Pago,INDETERMINADA,98.3117,,,72.0,96.0,lista_indeterminada
S00549,887.0,[0887] MOTOCLASICO 4T SAE 20W-,2026-06-11,Sin Pago,INDETERMINADA,87.9636,,,66.0,82.0,lista_indeterminada
S00549,779.0,[0779] SINOCO SAE 20W-50 (1x12,2026-06-11,Sin Pago,INDETERMINADA,68.5549,,,,,lista_indeterminada
S00550,761.0,[0761] LIGA PARA FRENOS DOT-3 ,2026-06-11,Sin Pago,INDETERMINADA,34.926,,,26.0,33.0,lista_indeterminada
S00550,779.0,[0779] SINOCO SAE 20W-50 (1x12,2026-06-11,Sin Pago,INDETERMINADA,68.5549,,,,,lista_indeterminada
S00550,877.0,[0877] SS EXTRA PROTECCION API,2026-06-11,Sin Pago,INDETERMINADA,98.3117,,,72.0,96.0,lista_indeterminada
S00550,884.0,[0884] TRANSMATIC ATF DEXRON I,2026-06-11,Sin Pago,INDETERMINADA,93.1328,,,67.0,83.0,lista_indeterminada
S00550,880.0,[0880] CLASICO API SL SAE 15W-,2026-06-11,Sin Pago,INDETERMINADA,84.0819,,,62.0,78.0,lista_indeterminada
S00551,885.0,[0885] TRANSMATIC ATF MERCON V,2026-06-11,Sin Pago,INDETERMINADA,153.9242,,,105.0,131.0,lista_indeterminada
S00551,881.0,[0881] CLASICO API SL SAE 20W-,2026-06-11,Sin Pago,INDETERMINADA,84.0819,,,63.0,79.0,lista_indeterminada
S00551,761.0,[0761] LIGA PARA FRENOS DOT-3 ,2026-06-11,Sin Pago,INDETERMINADA,34.926,,,26.0,33.0,lista_indeterminada
S00551,884.0,[0884] TRANSMATIC ATF DEXRON I,2026-06-11,Sin Pago,INDETERMINADA,93.1328,,,67.0,83.0,lista_indeterminada
S00553,880.0,[0880] CLASICO API SL SAE 15W-,2026-06-11,Sin Pago,INDETERMINADA,84.0819,,,62.0,78.0,lista_indeterminada
S00553,881.0,[0881] CLASICO API SL SAE 20W-,2026-06-11,Sin Pago,INDETERMINADA,84.0819,,,63.0,79.0,lista_indeterminada
S00553,761.0,[0761] LIGA PARA FRENOS DOT-3 ,2026-06-11,Sin Pago,INDETERMINADA,34.926,,,26.0,33.0,lista_indeterminada
S00553,877.0,[0877] SS EXTRA PROTECCION API,2026-06-11,Sin Pago,INDETERMINADA,98.3117,,,72.0,96.0,lista_indeterminada
S00552,121.0,[0121] TRANSGLOB API GL-5 SAE ,2026-06-11,Sin Pago,INDETERMINADA,50.4433,,,36.0,45.0,lista_indeterminada
S00552,884.0,[0884] TRANSMATIC ATF DEXRON I,2026-06-11,Sin Pago,INDETERMINADA,93.1328,,,67.0,83.0,lista_indeterminada
S00552,761.0,[0761] LIGA PARA FRENOS DOT-3 ,2026-06-11,Sin Pago,INDETERMINADA,34.926,,,26.0,33.0,lista_indeterminada
S00554,127.0,[0127] TRANSGLOB API GL-5 SAE ,2026-06-11,Sin Pago,INDETERMINADA,51.7404,,,36.0,45.0,lista_indeterminada
S00554,25.0,[0025] SS EXTRA PROTECCION API,2026-06-11,Sin Pago,INDETERMINADA,49.1559,,,36.0,45.0,lista_indeterminada
S00556,73.0,[0073] SUPREMO API CI-4 SAE 15,2026-06-12,Sin Pago,INDETERMINADA,123.0817,,,91.0,114.0,lista_indeterminada
S00558,887.0,[0887] MOTOCLASICO 4T SAE 20W-,2026-06-12,Sin Pago,INDETERMINADA,58.6207,,,66.0,82.0,lista_indeterminada
S00557,775.0,[0775] LIGA PARA FRENOS DOT-4 ,2026-06-12,Sin Pago,INDETERMINADA,39.7415,,,31.0,38.0,lista_indeterminada
S00557,761.0,[0761] LIGA PARA FRENOS DOT-3 ,2026-06-12,Sin Pago,INDETERMINADA,34.6179,,,26.0,33.0,lista_indeterminada
S00557,774.0,[0774] LIGA PARA FRENOS DOT-4 ,2026-06-12,Sin Pago,INDETERMINADA,62.8266,,,47.0,59.0,lista_indeterminada
S00559,792.0,[0792] REFRIGERANTE GLOBAL ROJ,2026-06-12,Sin Pago,INDETERMINADA,33.3322,,,24.0,29.0,lista_indeterminada
S00559,789.0,[0789] REFRIGERANTE GLOBAL VER,2026-06-12,Sin Pago,INDETERMINADA,33.3322,,,24.0,29.0,lista_indeterminada
S00560,877.0,[0877] SS EXTRA PROTECCION API,2026-06-12,Sin Pago,INDETERMINADA,97.4445,,,72.0,96.0,lista_indeterminada
S00561,606.0,[0606] SINOCO SAE 20W-50 (Tamb,2026-06-12,Sin Pago,INDETERMINADA,882.0949,,,,,lista_indeterminada
S00562,121.0,[0121] TRANSGLOB API GL-5 SAE ,2026-06-12,Sin Pago,INDETERMINADA,49.9983,,,36.0,45.0,lista_indeterminada
S00563,,Descuento ,2026-06-12,VES,VES,-17.8983,,,,,producto_sin_lista
S00563,603.0,[0603] SINOCO SAE 50 (Tambor),2026-06-12,VES,VES,894.9134,,,,,producto_sin_lista
S00564,886.0,[0886] TRANSMATIC DEXRON VI (1,2026-06-13,Sin Pago,INDETERMINADA,152.5663,,,105.0,131.0,lista_indeterminada
S00565,877.0,[0877] SS EXTRA PROTECCION API,2026-06-15,Sin Pago,INDETERMINADA,65.5172,,,100.8,96.0,lista_indeterminada
S00567,761.0,[0761] LIGA PARA FRENOS DOT-3 ,2026-06-15,Sin Pago,INDETERMINADA,34.3398,,,35.81,33.0,lista_indeterminada
S00567,877.0,[0877] SS EXTRA PROTECCION API,2026-06-15,Sin Pago,INDETERMINADA,96.6615,,,100.8,96.0,lista_indeterminada
S00567,605.0,[0605] SINOCO SAE 20W-50 (PAIL,2026-06-15,Sin Pago,INDETERMINADA,92.8449,,,96.82,,lista_indeterminada
S00567,887.0,[0887] MOTOCLASICO 4T SAE 20W-,2026-06-15,Sin Pago,INDETERMINADA,86.4871,,,90.19,82.0,lista_indeterminada
S00566,603.0,[0603] SINOCO SAE 50 (Tambor),2026-06-15,Sin Pago,INDETERMINADA,887.723,,,925.73,,lista_indeterminada
S00566,779.0,[0779] SINOCO SAE 20W-50 (1x12,2026-06-15,Sin Pago,INDETERMINADA,67.4042,,,70.29,,lista_indeterminada
S00527,139.0,[0139] HIDRAGLOB AW/ISO 46 (PA,2026-06-15,Sin Pago,INDETERMINADA,123.7051,,,124.67,103.0,lista_indeterminada
S00568,775.0,[0775] LIGA PARA FRENOS DOT-4 ,2026-06-15,Sin Pago,INDETERMINADA,39.4222,,,41.11,38.0,lista_indeterminada
S00568,887.0,[0887] MOTOCLASICO 4T SAE 20W-,2026-06-15,Sin Pago,INDETERMINADA,86.4871,,,90.19,82.0,lista_indeterminada
S00569,146.0,[0146] HIDRAGLOB AW/ISO 68 (Ta,2026-06-15,nan,INDETERMINADA,1058.1464,,,1103.45,998.0,lista_indeterminada
S00569,264.0,[0264] ENGRAGLOB ISO 320 (Tamb,2026-06-15,nan,INDETERMINADA,1405.3512,,,1465.52,1210.0,lista_indeterminada
S00569,259.0,[0259] ENGRAGLOB ISO 220 (Tamb,2026-06-15,nan,INDETERMINADA,1381.1858,,,1440.32,1190.0,lista_indeterminada
S00569,957.0,[0957] GRASA ESPECIAL EP 2/3 A,2026-06-15,nan,INDETERMINADA,0.0,,,,,lista_indeterminada
S00569,971.0,[0971] GRASA GLOBAL AT AR EP (,2026-06-15,nan,INDETERMINADA,2578.849,,,,,lista_indeterminada
S00570,561.0,[0561] MEJORADOR DE OCTANAJE G,2026-06-16,MIXTO,USD(mixto->Binance),33.6207,51.72,jun15USD,51.72,43.0,por_debajo
S00571,1041.0,[1041] SINOCO API CF/SF SAE 15,2026-06-16,Sin Pago,INDETERMINADA,99.602,,,104.77,,lista_indeterminada
S00571,1035.0,[1035] SINOCO HIDRAULICO ISO 6,2026-06-16,Sin Pago,INDETERMINADA,81.9575,,,86.21,,lista_indeterminada
S00571,603.0,[0603] SINOCO SAE 50 (Tambor),2026-06-16,Sin Pago,INDETERMINADA,880.0664,,,925.73,,lista_indeterminada
S00571,605.0,[0605] SINOCO SAE 20W-50 (PAIL,2026-06-16,Sin Pago,INDETERMINADA,92.0442,,,96.82,,lista_indeterminada
S00571,606.0,[0606] SINOCO SAE 20W-50 (Tamb,2026-06-16,Sin Pago,INDETERMINADA,867.4605,,,912.47,,lista_indeterminada
S00571,779.0,[0779] SINOCO SAE 20W-50 (1x12,2026-06-16,Sin Pago,INDETERMINADA,66.8228,,,70.29,,lista_indeterminada
S00571,602.0,[0602] SINOCO SAE 50 (PAILA),2026-06-16,Sin Pago,INDETERMINADA,92.0442,,,96.82,,lista_indeterminada
S00572,884.0,[0884] TRANSMATIC ATF DEXRON I,2026-06-16,Sin Pago,INDETERMINADA,90.7798,,,95.49,83.0,lista_indeterminada
S00572,779.0,[0779] SINOCO SAE 20W-50 (1x12,2026-06-16,Sin Pago,INDETERMINADA,66.8228,,,70.29,,lista_indeterminada
S00572,121.0,[0121] TRANSGLOB API GL-5 SAE ,2026-06-16,Sin Pago,INDETERMINADA,49.1688,,,51.72,45.0,lista_indeterminada
S00572,877.0,[0877] SS EXTRA PROTECCION API,2026-06-16,Sin Pago,INDETERMINADA,95.8278,,,100.8,96.0,lista_indeterminada
S00572,761.0,[0761] LIGA PARA FRENOS DOT-3 ,2026-06-16,Sin Pago,INDETERMINADA,34.0436,,,35.81,33.0,lista_indeterminada
S00574,877.0,[0877] SS EXTRA PROTECCION API,2026-06-16,USD,USD,95.8278,100.8,jun15USD,100.8,96.0,por_debajo
S00574,878.0,[0878] SS EXTRA PROTECCION API,2026-06-16,USD,USD,95.8278,100.8,jun15USD,100.8,90.0,por_debajo
S00573,762.0,[0762] LIGA PARA FRENOS DOT-3 ,2026-06-16,Sin Pago,INDETERMINADA,54.2169,,,57.03,49.0,lista_indeterminada
S00573,774.0,[0774] LIGA PARA FRENOS DOT-4 ,2026-06-16,Sin Pago,INDETERMINADA,61.7842,,,64.99,59.0,lista_indeterminada
S00573,775.0,[0775] LIGA PARA FRENOS DOT-4 ,2026-06-16,Sin Pago,INDETERMINADA,39.0822,,,41.11,38.0,lista_indeterminada
S00573,761.0,[0761] LIGA PARA FRENOS DOT-3 ,2026-06-16,Sin Pago,INDETERMINADA,34.0436,,,35.81,33.0,lista_indeterminada
S00573,127.0,[0127] TRANSGLOB API GL-5 SAE ,2026-06-16,Sin Pago,INDETERMINADA,50.4332,,,53.05,45.0,lista_indeterminada
S00573,877.0,[0877] SS EXTRA PROTECCION API,2026-06-16,Sin Pago,INDETERMINADA,95.8278,,,100.8,96.0,lista_indeterminada
S00573,25.0,[0025] SS EXTRA PROTECCION API,2026-06-16,Sin Pago,INDETERMINADA,47.9139,,,50.4,45.0,lista_indeterminada
S00573,121.0,[0121] TRANSGLOB API GL-5 SAE ,2026-06-16,Sin Pago,INDETERMINADA,49.1688,,,51.72,45.0,lista_indeterminada
S00575,881.0,[0881] CLASICO API SL SAE 20W-,2026-06-17,Sin Pago,INDETERMINADA,81.3716,,,86.21,79.0,lista_indeterminada
S00577,880.0,[0880] CLASICO API SL SAE 15W-,2026-06-17,Sin Pago,INDETERMINADA,81.3716,,,86.21,78.0,lista_indeterminada
S00578,877.0,[0877] SS EXTRA PROTECCION API,2026-06-17,Sin Pago,INDETERMINADA,95.1428,,,100.8,96.0,lista_indeterminada
S00578,561.0,[0561] MEJORADOR DE OCTANAJE G,2026-06-17,Sin Pago,INDETERMINADA,48.8173,,,51.72,43.0,lista_indeterminada
S00578,878.0,[0878] SS EXTRA PROTECCION API,2026-06-17,Sin Pago,INDETERMINADA,95.1428,,,100.8,90.0,lista_indeterminada
S00576,877.0,[0877] SS EXTRA PROTECCION API,2026-06-17,Sin Pago,INDETERMINADA,95.1428,,,100.8,96.0,lista_indeterminada
S00576,792.0,[0792] REFRIGERANTE GLOBAL ROJ,2026-06-17,Sin Pago,INDETERMINADA,32.5449,,,34.48,29.0,lista_indeterminada
S00579,877.0,[0877] SS EXTRA PROTECCION API,2026-06-18,Sin Pago,INDETERMINADA,94.2661,,,100.8,96.0,lista_indeterminada
S00580,880.0,[0880] CLASICO API SL SAE 15W-,2026-06-18,Sin Pago,INDETERMINADA,80.6219,,,86.21,78.0,lista_indeterminada
S00580,605.0,[0605] SINOCO SAE 20W-50 (PAIL,2026-06-18,Sin Pago,INDETERMINADA,90.5441,,,96.82,,lista_indeterminada
S00580,884.0,[0884] TRANSMATIC ATF DEXRON I,2026-06-18,Sin Pago,INDETERMINADA,89.3003,,,95.49,83.0,lista_indeterminada
S00580,877.0,[0877] SS EXTRA PROTECCION API,2026-06-18,Sin Pago,INDETERMINADA,94.2661,,,100.8,96.0,lista_indeterminada
S00580,881.0,[0881] CLASICO API SL SAE 20W-,2026-06-18,Sin Pago,INDETERMINADA,80.6219,,,86.21,79.0,lista_indeterminada
S00581,887.0,[0887] MOTOCLASICO 4T SAE 20W-,2026-06-18,Sin Pago,INDETERMINADA,84.3439,,,90.19,82.0,lista_indeterminada
S00581,761.0,[0761] LIGA PARA FRENOS DOT-3 ,2026-06-18,Sin Pago,INDETERMINADA,33.4888,,,35.81,33.0,lista_indeterminada
S00581,884.0,[0884] TRANSMATIC ATF DEXRON I,2026-06-18,Sin Pago,INDETERMINADA,89.3003,,,95.49,83.0,lista_indeterminada
S00582,25.0,[0025] SS EXTRA PROTECCION API,2026-06-19,Sin Pago,INDETERMINADA,46.7405,,,50.4,45.0,lista_indeterminada
S00583,307.0,[0307] TERMOGLOB ISO 32 (Paila,2026-06-19,Sin Pago,INDETERMINADA,140.2121,,,151.19,125.0,lista_indeterminada
S00585,883.0,[0883] GRASA GLOBAL AZUL AZ 95,2026-06-19,USD,USD,107.0023,115.38,jun15USD,115.38,95.0,por_debajo
S00585,1035.0,[1035] SINOCO HIDRAULICO ISO 6,2026-06-19,USD,USD,79.9503,86.21,jun15USD,86.21,,por_debajo
S00585,,Descuento ,2026-06-19,USD,USD,-16.0142,,,,,producto_sin_lista
S00555,75.0,[0075] SUPREMO API CI-4 SAE 15,2026-06-19,USD,USD,1240.4833,1271.88,jun15USD,1271.88,1167.0,por_debajo
S00555,131.0,[0131] TRANSGLOB API GL-5 SAE ,2026-06-19,USD,USD,1287.0545,1319.63,jun15USD,1319.63,1188.0,por_debajo
S00555,146.0,[0146] HIDRAGLOB AW/ISO 68 (Ta,2026-06-19,USD,USD,1076.211,1103.45,jun15USD,1103.45,998.0,por_debajo
S00555,794.0,[0794] REFRIGERANTE GLOBAL ROJ,2026-06-19,USD,USD,565.2729,579.58,jun15USD,579.58,532.0,por_debajo
S00555,85.0,[0085] MAXIMO API CF SAE 50 (T,2026-06-19,USD,USD,1108.5427,1136.6,jun15USD,1136.6,1030.0,por_debajo
S00555,606.0,[0606] SINOCO SAE 20W-50 (Tamb,2026-06-19,USD,USD,846.2156,912.47,jun15USD,912.47,,por_debajo
S00584,1035.0,[1035] SINOCO HIDRAULICO ISO 6,2026-06-19,Sin Pago,INDETERMINADA,56.0345,,,86.21,,lista_indeterminada
S00584,970.0,[0970] GRASA GLOBAL AT 250 AR-,2026-06-19,Sin Pago,INDETERMINADA,176.7241,,,271.88,224.0,lista_indeterminada
S00584,83.0,[0083] MAXIMO API CF SAE 50 (P,2026-06-19,Sin Pago,INDETERMINADA,73.2759,,,112.73,102.0,lista_indeterminada
S00584,144.0,[0144] HIDRAGLOB AW/ISO 68 (PA,2026-06-19,Sin Pago,INDETERMINADA,61.2069,,,94.16,91.0,lista_indeterminada
S00584,73.0,[0073] SUPREMO API CI-4 SAE 15,2026-06-19,Sin Pago,INDETERMINADA,82.7586,,,127.32,114.0,lista_indeterminada
S00588,915.0,[0915] SINOCO SAE 50 (1x12),2026-06-19,Sin Pago,INDETERMINADA,65.1862,,,70.29,,lista_indeterminada
S00588,19.0,[0019] ELITE API SN SAE 5W-40 ,2026-06-19,Sin Pago,INDETERMINADA,67.6438,,,72.94,58.0,lista_indeterminada
S00588,121.0,[0121] TRANSGLOB API GL-5 SAE ,2026-06-19,Sin Pago,INDETERMINADA,47.9646,,,51.72,45.0,lista_indeterminada
S00588,78.0,[0078] SUPREMO API CI-4 SAE 20,2026-06-19,Sin Pago,INDETERMINADA,131.6059,,,141.91,131.0,lista_indeterminada
S00588,127.0,[0127] TRANSGLOB API GL-5 SAE ,2026-06-19,Sin Pago,INDETERMINADA,49.198,,,53.05,45.0,lista_indeterminada
S00587,761.0,[0761] LIGA PARA FRENOS DOT-3 ,2026-06-19,Sin Pago,INDETERMINADA,33.2098,,,35.81,33.0,lista_indeterminada
S00586,779.0,[0779] SINOCO SAE 20W-50 (1x12,2026-06-19,Sin Pago,INDETERMINADA,65.1862,,,70.29,,lista_indeterminada
S00589,877.0,[0877] SS EXTRA PROTECCION API,2026-06-22,Sin Pago,INDETERMINADA,93.4809,,,100.8,96.0,lista_indeterminada
S00589,761.0,[0761] LIGA PARA FRENOS DOT-3 ,2026-06-22,Sin Pago,INDETERMINADA,33.2098,,,35.81,33.0,lista_indeterminada
S00589,878.0,[0878] SS EXTRA PROTECCION API,2026-06-22,Sin Pago,INDETERMINADA,93.4809,,,100.8,90.0,lista_indeterminada
S00589,775.0,[0775] LIGA PARA FRENOS DOT-4 ,2026-06-22,Sin Pago,INDETERMINADA,38.125,,,41.11,38.0,lista_indeterminada
S00589,795.0,[0795] REFRIGERANTE GLOBAL ORA,2026-06-22,Sin Pago,INDETERMINADA,47.9646,,,51.72,43.0,lista_indeterminada
S00589,885.0,[0885] TRANSMATIC ATF MERCON V,2026-06-22,Sin Pago,INDETERMINADA,146.3607,,,157.82,131.0,lista_indeterminada
S00589,884.0,[0884] TRANSMATIC ATF DEXRON I,2026-06-22,Sin Pago,INDETERMINADA,88.5565,,,95.49,83.0,lista_indeterminada
S00590,779.0,[0779] SINOCO SAE 20W-50 (1x12,2026-06-22,Sin Pago,INDETERMINADA,64.6497,,,70.29,,lista_indeterminada
S00590,602.0,[0602] SINOCO SAE 50 (PAILA),2026-06-22,Sin Pago,INDETERMINADA,89.0508,,,96.82,,lista_indeterminada
S00591,877.0,[0877] SS EXTRA PROTECCION API,2026-06-22,Sin Pago,INDETERMINADA,92.7114,,,100.8,96.0,lista_indeterminada
S00592,881.0,[0881] CLASICO API SL SAE 20W-,2026-06-22,Sin Pago,INDETERMINADA,79.2922,,,86.21,79.0,lista_indeterminada
S00593,73.0,[0073] SUPREMO API CI-4 SAE 15,2026-06-23,nan,INDETERMINADA,116.1164,,,127.32,114.0,lista_indeterminada
S00594,877.0,[0877] SS EXTRA PROTECCION API,2026-06-23,nan,INDETERMINADA,91.93,,,100.8,96.0,lista_indeterminada
S00595,774.0,[0774] LIGA PARA FRENOS DOT-4 ,2026-06-23,nan,INDETERMINADA,59.2712,,,64.99,59.0,lista_indeterminada
S00596,884.0,[0884] TRANSMATIC ATF DEXRON I,2026-06-23,nan,INDETERMINADA,87.0873,,,95.49,83.0,lista_indeterminada
S00596,779.0,[0779] SINOCO SAE 20W-50 (1x12,2026-06-23,nan,INDETERMINADA,64.1048,,,70.29,,lista_indeterminada
S00597,877.0,[0877] SS EXTRA PROTECCION API,2026-06-23,nan,INDETERMINADA,91.93,,,100.8,96.0,lista_indeterminada
S00598,877.0,[0877] SS EXTRA PROTECCION API,2026-06-23,nan,INDETERMINADA,91.93,,,100.8,96.0,lista_indeterminada
S00598,881.0,[0881] CLASICO API SL SAE 20W-,2026-06-23,nan,INDETERMINADA,78.6239,,,86.21,79.0,lista_indeterminada
S00598,880.0,[0880] CLASICO API SL SAE 15W-,2026-06-23,nan,INDETERMINADA,78.6239,,,86.21,78.0,lista_indeterminada
S00598,605.0,[0605] SINOCO SAE 20W-50 (PAIL,2026-06-23,nan,INDETERMINADA,88.3002,,,96.82,,lista_indeterminada
S00598,884.0,[0884] TRANSMATIC ATF DEXRON I,2026-06-23,nan,INDETERMINADA,87.0873,,,95.49,83.0,lista_indeterminada
S00599,779.0,[0779] SINOCO SAE 20W-50 (1x12,2026-06-23,nan,INDETERMINADA,64.1048,,,70.29,,lista_indeterminada
S00599,602.0,[0602] SINOCO SAE 50 (PAILA),2026-06-23,nan,INDETERMINADA,88.3002,,,96.82,,lista_indeterminada
S00600,774.0,[0774] LIGA PARA FRENOS DOT-4 ,2026-06-23,nan,INDETERMINADA,59.2712,,,64.99,59.0,lista_indeterminada
S00600,761.0,[0761] LIGA PARA FRENOS DOT-3 ,2026-06-23,nan,INDETERMINADA,32.6589,,,35.81,33.0,lista_indeterminada
S00600,887.0,[0887] MOTOCLASICO 4T SAE 20W-,2026-06-23,nan,INDETERMINADA,82.2537,,,90.19,82.0,lista_indeterminada
S00600,884.0,[0884] TRANSMATIC ATF DEXRON I,2026-06-23,nan,INDETERMINADA,87.0873,,,95.49,83.0,lista_indeterminada
S00600,775.0,[0775] LIGA PARA FRENOS DOT-4 ,2026-06-23,nan,INDETERMINADA,37.4925,,,41.11,38.0,lista_indeterminada
S00600,762.0,[0762] LIGA PARA FRENOS DOT-3 ,2026-06-23,nan,INDETERMINADA,52.0116,,,57.03,49.0,lista_indeterminada
S00600,93.0,[0093] ALTA CILINDRADA SS API ,2026-06-23,nan,INDETERMINADA,42.3352,,,46.42,42.0,lista_indeterminada
S00600,888.0,[0888] ENDUROGLOB 2T AIRE (1x1,2026-06-23,nan,INDETERMINADA,90.7171,,,99.47,82.0,lista_indeterminada
S00601,887.0,[0887] MOTOCLASICO 4T SAE 20W-,2026-06-23,nan,INDETERMINADA,82.2537,,,90.19,82.0,lista_indeterminada
S00601,121.0,[0121] TRANSGLOB API GL-5 SAE ,2026-06-23,nan,INDETERMINADA,47.1689,,,51.72,45.0,lista_indeterminada
S00602,73.0,[0073] SUPREMO API CI-4 SAE 15,2026-06-24,nan,INDETERMINADA,116.1164,,,127.32,114.0,lista_indeterminada
S00602,75.0,[0075] SUPREMO API CI-4 SAE 15,2026-06-24,nan,INDETERMINADA,1159.9599,,,1271.88,1167.0,lista_indeterminada
